Tiempo;67Hz;71Hz;75Hz;79Hz;84Hz;89Hz;94Hz;100Hz;106Hz;112Hz;119Hz;126Hz;133Hz;141Hz;150Hz;158Hz;168Hz;178Hz;188Hz;200Hz;211Hz;224Hz;237Hz;251Hz;266Hz;282Hz;299Hz;316Hz;335Hz;355Hz;376Hz;398Hz;422Hz;447Hz;473Hz;501Hz;531Hz;562Hz;596Hz;631Hz;668Hz;708Hz;750Hz;794Hz;841Hz;891Hz;944Hz;1kHz;1,06kHz;1,12kHz;1,19kHz;1,26kHz;1,33kHz;1,41kHz;1,5kHz;1,58kHz;1,68kHz;1,78kHz;1,88kHz;2kHz;2,11kHz;2,24kHz;2,37kHz;2,51kHz;2,66kHz;2,82kHz;2,99kHz;3,16kHz;3,35kHz;3,55kHz;3,76kHz;3,98kHz;4,22kHz;4,47kHz;4,73kHz;5,01kHz;5,31kHz;5,62kHz;5,96kHz;6,31kHz;6,68kHz;7,08kHz;7,5kHz
01-01-2000 0:20;22,12;31,59;38,13;24,69;22,55;26,16;29,57;32,85;29,42;32,08;30,27;33,15;27,83;25,14;29,98;30,62;26,01;32,04;33,7;35,52;49,28;27,73;28,35;32,98;30,81;31,17;30,63;24,38;29,63;25,77;31,93;30,1;32,54;30,18;28,32;27,36;30,37;31,46;29,08;26,18;26,23;26,54;25,3;25,3;25,97;23,79;23,49;24,59;24,92;22,05;21,87;22,73;19,71;22,9;23,7;20,19;21,77;21,16;22,55;27,21;27,04;26,73;25,41;25,7;20,54;21,34;18,14;19,83;18,63;20,73;21,34;19,76;17,13;15,9;19,38;16,45;14,56;18,56;16,44;20,3;14,93;15,93;15,14
01-01-2000 0:20;22,73;34;29,37;28,5;30,89;21,86;24,63;30,27;33,84;34,13;27,42;32,68;28,63;30,88;26,47;26,26;28,62;30,59;29,37;30,98;46,28;24,77;28,3;28,24;28,48;26,96;29,89;23,67;25,01;22,83;27,77;31,87;33,1;27,7;27,35;25,11;23,69;24,34;28,81;23,27;28,15;25,05;24,91;26,1;23,64;22,77;22,1;22,74;21,87;20,6;20,5;22,32;22,45;22,5;20,13;20,63;23,38;23,04;22,66;26,78;28,22;29,61;22,81;25,45;21,84;21,05;19,15;20,2;17,29;20,23;22,27;19,01;17,23;16,72;19,4;17,68;16,17;17,79;17,26;19,71;15,39;16,36;15,03
01-01-2000 0:20;24,13;32,46;30,9;34,72;32,87;30,74;25,13;36,32;38,52;37,53;37,79;29,17;36,22;31,57;30,07;30,55;31,67;33,77;34,12;37,92;42,56;31,6;30,88;35,34;32,9;33,17;31,51;26,39;32,58;30,95;32,25;32,29;31,97;29,08;29,54;28,05;27,51;29,05;29,37;25,96;25,67;26,72;27,7;24,81;23;23,87;23,37;27,55;26,18;23,35;22,93;22,35;22,68;26,87;20,27;21,4;23,21;24,01;24,36;26,53;28,34;27,85;24,04;25,1;22,5;22,02;19,76;20,84;19,59;21,87;22,89;20,69;18,81;18,91;18,81;17,22;16,81;19,53;18,74;21,05;16,66;16,27;17,14
01-01-2000 0:20;33,29;33,05;27,19;37,67;33,02;26,35;29,31;31,45;25,3;32,97;33,01;31,88;32,64;28,09;29,37;33,28;26,75;30,18;32,06;33,11;42,91;31,19;23,29;26,59;27,99;26,2;30,79;26,13;24,66;26,18;27,44;30,69;36,51;33,14;26,06;29,55;23,48;25,83;26,71;25;28,23;24,99;27,57;23,72;22,33;21,59;22,77;24,15;23,76;20,68;22,73;22,13;22,66;22,71;19,96;19,36;23,31;24,58;23,21;26,04;27,07;27,16;23,64;24,28;20,62;18,74;16,94;19,37;18,05;20,39;21,09;20,26;18,53;17,67;17,65;16,34;15,65;18,1;18,96;19,22;16,43;15,05;15,72
01-01-2000 0:20;23,37;28,76;33,82;34,46;33,31;28,41;27;29,37;29,99;34,24;31,22;35,79;35,43;33,14;27,45;33,12;31,39;34,2;29,1;32,16;47,26;32,11;23,42;27,81;27,09;24,65;31,27;28,73;25,39;25,84;29,14;34,2;38,21;32,87;29,79;29,6;28,76;25,78;27,38;27,22;29,41;24,42;26,79;25,08;25,35;24,24;24,2;24,9;25,41;22,5;22,38;23,22;23,07;23,09;21,92;21,57;24,31;25,99;25,2;27,01;27,06;28,39;25,04;26,63;24,48;22,12;19,67;20,93;21,35;21,22;23,23;20,63;18,84;20,28;18,41;17,88;17,78;19,93;21,06;19,38;17,92;18,63;18,19
01-01-2000 0:20;28,91;24,34;25,2;36,02;34,66;33,59;29,71;27,14;32,43;29,59;28,74;31,84;31,14;27,26;28,76;32,07;30,06;30,52;30,4;34,04;48,03;29,65;32,84;28,43;28,82;30,11;30,01;23,91;27,83;25,97;29,85;33,17;31,85;30,2;29,31;27,16;25,8;25,12;27;31,61;25,93;23,92;25,05;23,9;25,42;20,77;22,58;26,46;23,6;21,61;22,22;23,57;23,33;20,57;20,43;19,77;21,95;26,01;24,93;26,15;25,22;27,71;23,3;25,54;21,12;17,98;18,78;19,87;19,78;19,35;24,21;20,57;19,35;18,99;18,34;16,5;16,52;18,71;20,01;19,03;16,93;16,73;16,38
01-01-2000 0:20;26,35;33,21;29,72;30;33,25;18,45;26,71;32,13;34,67;36,06;21,59;29,73;27,24;23,34;23,57;30,46;25,96;28,38;33,8;30,14;45,53;33,86;30,89;28,13;26,36;25,68;31,02;27,21;25,49;26,25;23,49;26,8;32,41;33,74;26,41;28,45;23,06;23,11;24,79;31,51;31,14;22,27;24,73;25,72;24,81;23,68;21,66;25,95;25,52;23,79;21,65;20,62;21,75;22,24;21,78;22,19;22,1;24,22;24,23;24,52;25,96;27,21;21,73;25,88;20,57;18,35;18,4;20,55;18,14;18,85;23,21;18,95;19,74;17,86;18,44;16,08;16,87;16,97;20,96;18,9;17,26;17,26;17,61
01-01-2000 0:20;29,62;25,89;28,07;27,55;34,22;30,37;25,8;30,65;28,17;28,72;33,33;27,52;32,22;29,04;30,55;33,71;31,29;30,71;34,39;30,06;45,37;30,82;29,74;30,08;27,99;24,33;31,1;26,31;23,85;26,33;25,34;29,92;31,42;30,37;30,25;28,34;29,47;30,1;28,29;24,73;29,93;25,82;25,83;25,41;23,04;23,85;23,04;25,34;24,26;22,4;22,88;22,01;22,58;24,38;23,21;21,49;23,61;24,42;23,08;24,3;26,37;27,87;22,92;24,8;20,6;19,25;19,21;19,57;18,55;17,98;23,22;18,84;19,96;18,7;20,38;17,18;17,86;17,32;21,38;20,39;17,23;17,37;17,02
01-01-2000 0:20;28,73;31,04;30,5;31,8;24,27;26,09;27,87;33,86;33,94;31,61;31,28;28,56;28,05;32,64;30,09;36,87;31,2;32,01;31,52;41,8;47,63;28,64;31,23;36,3;30,34;35,11;33,94;32,12;30,08;27,76;32,72;30,14;34,26;32,97;33,96;29,08;30,76;28,5;29,1;28,35;28,64;27,48;26,48;26,71;26;25,24;25,56;25,89;24,09;22,67;24,43;21,33;23,14;23,02;22,23;22,06;23,89;25,43;26,55;25,52;26,86;27,26;22,58;25,5;23,05;20,32;19,51;21,12;20,03;19,28;23,51;18,85;20,68;17,83;19,18;15,72;17,71;18,48;20,87;19,78;18,26;17,68;16,53
01-01-2000 0:20;24;33,71;28,46;34,88;24,96;27,37;22,27;29,35;27,31;29,09;25,63;28,92;27,35;31,49;29,22;37,19;32,71;30,74;32,23;32,97;49,56;31,3;26,35;33,75;28,57;29,18;33,38;30,72;29,66;27,89;33,84;30,87;29,83;29,35;32,41;29,18;27,19;29,53;26,61;27,06;29,67;26,8;26,01;26,18;22,71;20,54;26,16;25,25;24,17;22,85;22,29;20,34;23,33;21,48;23,41;21,65;23,58;24,3;24,79;26,36;27,3;27,05;23,84;25,18;21,56;20,45;20,23;20,62;19,91;19,52;23,36;20,46;19,95;18,87;19,16;17,06;17,39;18,46;20,55;20,45;18,16;17,39;17,67
01-01-2000 0:20;29;29,71;29,95;26,53;27,21;27,35;25,55;30,96;34,46;34,85;28,33;25,62;23,54;33,68;28,55;30,84;30,05;26,77;32,35;38,15;48,51;31,01;29,26;26,96;28,21;25,88;29,26;28,16;28,65;26;28,97;28,72;29,92;35,05;29,76;31,32;25,92;26,86;25,94;27,69;25,92;23,98;25,23;24,96;22,32;21,21;25,38;25,87;23,28;20,95;23,08;20,7;22,98;24,4;20,41;21,25;22,64;24,66;25,08;24,99;26,81;26,67;22,77;23,69;19,52;18,75;17,58;19,94;18,97;18,02;21,99;20,08;18,66;17,34;18,7;15,45;16,99;18,42;20,55;19,98;17,75;17,3;16,3
01-01-2000 0:20;21,6;31,89;32,79;31,73;30,99;27,13;29,22;24,97;34,89;31,14;32,68;31,74;28,82;33,13;24,85;29,01;27,42;33,56;29,84;30,79;46,47;26,98;27,97;29,55;25,93;25,36;29,28;24,85;24,48;24,65;24,18;22,15;31,48;25,52;27,87;25,36;25,94;25,84;23,89;27,88;26,26;23,43;25,09;25,56;21,68;19,39;22,21;24,42;23,43;22,52;20,78;20,79;21,91;22,73;20,21;19,29;22,11;22,49;23,15;23,69;26,5;25,42;21,1;23,88;20,23;17,75;17,88;19,79;18,61;18,66;23,09;19,55;17,19;17,99;18,92;15,69;17,09;18,3;20,37;18,69;17,84;17,74;17,52
01-01-2000 0:20;33,9;38,53;31,13;30,35;30,91;17,58;23,44;23,03;31,95;35,45;32,41;29,17;25,75;32,96;21,41;28,48;24,88;32;26,42;30,4;46,05;30,09;29,47;23,15;26,24;20,38;28,75;20,77;20,67;24,81;22,57;22,38;28,1;24,97;21,33;23,33;20,39;24,71;25,76;27,98;26,61;24,69;24,34;25,07;22,37;23,14;21,28;24,68;22,57;22,41;21,68;20,91;21,88;23,49;20,55;18,83;22,04;25,27;23,02;25,03;26,34;27,14;23,07;24,95;19,35;18,52;19,32;20,3;19,92;18,69;23,16;19,97;19,79;18,93;19,32;15,28;19,75;17,97;19,63;19,9;18,04;19,52;17,03
01-01-2000 0:20;32,27;26,32;32,77;37,17;28,21;28;21,6;28,43;31,43;33,84;30,05;28,63;29,81;22,26;27,96;32,53;27,21;31,38;25,33;30,19;45,38;28,61;26,06;25,84;26,5;21,62;29,31;25,84;25,12;21,31;23,77;24,68;29,37;26,21;25,05;24,14;21,76;21,51;23,06;23,35;25,32;23,19;27,49;22,48;23,51;21,87;21,46;25,1;22,37;22,01;20,34;21,05;21,09;23,2;20,46;20,55;22,17;22,4;25,66;24,67;24,32;28,12;23,15;24,37;20,77;18,58;17,81;19,52;20,49;18,6;23,3;18,84;18,07;17,5;18,74;15,66;17,12;17,44;20,8;20,03;16,47;17,31;17,13
01-01-2000 0:20;15,44;18,64;27,85;25,87;25,35;25,43;27,64;27,14;29,91;34,51;30,98;32,36;32,46;32,25;25,4;30,75;28,59;26,79;33,36;29,89;46,16;29,66;29,36;32,06;30,09;29,5;30,58;25,81;23,3;21,16;24,18;30,75;32,14;25,52;26,84;23,75;24,26;23,9;22,14;25,83;27,95;25,24;24,13;27,88;21,49;17,72;22,1;23,58;24,24;22,98;19,05;21,48;22,43;21,87;21,95;19,98;22,81;22,82;23,59;25,63;24,26;26,24;22,23;24,83;19,77;19,02;18,53;19,58;18,23;18,98;22,67;19,62;18,96;18,82;20,27;17,22;17,81;18,91;21,15;20,96;18,62;18,81;17,59
01-01-2000 0:20;27,09;27,46;25,39;34,05;23,08;23,93;28,34;33,65;25,23;34,3;34,06;26,6;32,19;29,43;24,75;26,65;28,89;29,48;32,97;32,29;46,19;28,54;22,5;24,51;22,18;23,3;30,14;22,03;21,39;17,17;23,07;25,6;29,06;26,36;23,85;22,98;23,35;24,73;23,02;26,1;25,05;23,12;22,81;23,3;20,63;20,96;22,63;23,41;21,54;20,37;20,94;19,45;19,72;23,8;21,37;19,06;22,88;22,76;25,79;25,03;25,33;26,75;22,73;25,12;21,08;18,25;19,72;19,79;19,79;19,2;21,98;20,46;19,14;19,57;18,8;17,43;17,51;18,75;21,2;20,99;16,66;16,43;16,68
01-01-2000 0:20;33,14;29,99;32,31;33,74;30,6;26,95;28,67;29,37;29,28;36,55;26,51;30,02;21,18;25,88;33,23;33,34;30,68;31,5;31,44;27,12;47,25;29,06;29,21;24,95;20,16;22,5;29,16;26;23,62;23,89;24,84;25,76;29,07;25,77;26,06;24,13;24,37;22,9;21,52;23,51;25,93;21,86;24,8;24,47;21,73;21,11;22,41;23,79;23,34;22,07;23,58;23,84;24,45;21,77;20,91;21,29;23,98;25,72;27,73;24,26;26,56;27,37;23,59;22,2;21,2;21,56;21,06;22,25;19,36;20,55;23,41;20,37;21,37;20,64;20,59;18,6;20,94;20,92;22,79;22,49;19,46;19,06;19,13
01-01-2000 0:20;26,08;27,13;31,4;32,66;33,56;29,28;21,73;31,27;27,47;34,75;33,21;29,56;26,56;25,83;26,95;28,11;31,11;30,93;27,71;34,49;48,23;28,54;26,11;25,96;27,36;28,39;31,68;27,88;19,89;22,53;24,26;29,92;30,46;26,45;25,98;24,81;25,24;24,46;29,95;27,46;27,65;25,01;23,94;23,21;23,05;23,05;25,06;26,68;25,74;24,19;25,01;22,63;24,6;23,74;25,39;24,26;23,56;24,72;24,24;26,13;27,72;28,12;25,72;24,21;22,42;23,2;24,07;23,89;21,63;22,36;25;21,98;21,68;20,89;20,46;18,75;20,58;19,6;22,22;20,39;18,09;16,94;16,67
01-01-2000 0:20;28,49;27,3;24,63;27,45;28,21;21,55;24,29;23,55;30,18;37,49;30,82;26,1;28,86;33,01;22,66;26,5;24,46;29,56;33,78;35,45;49,97;27,25;28,63;26,85;23,15;23,1;29,68;24,85;22,73;19,61;23,49;24,67;26,18;28,84;24,07;24,66;22,94;23,42;21,57;25,72;26,15;21,23;25,68;23,54;23,81;21,31;21,07;26,96;23,47;19,63;20,81;21,03;22,22;22,79;20,4;19,95;21,22;25,71;24,09;22,59;23,57;27,08;22,52;22,9;18,05;19,23;19,83;18,28;17,77;18,3;23,2;22,01;21,05;16,73;18,88;14,88;19,74;18,44;20,4;20,22;16,74;16,18;18,18
01-01-2000 0:20;28,78;40,28;33,09;33,44;31,83;43,8;41,02;36,45;35,33;34,82;32,73;23,92;34,62;38,06;32,83;31,05;32,23;29,31;30,15;34,47;49,87;31,14;26,18;24,12;26,18;25,81;30,42;28,6;27,19;22,6;25,04;34,85;40,56;33,08;29,42;28,38;28,54;29,43;28,73;29,49;34,77;36,17;39,82;39,99;39,16;38,14;35,33;33,42;26,45;23,23;24,74;22,31;21,34;23,74;21,17;22,88;20,74;26,16;26,08;24,58;24,64;25,81;20,71;21,75;17,07;18,2;17,2;16,2;17,21;18,61;23,73;22,87;21,1;16,15;18,11;13,08;18,84;19,33;19,11;20,89;16,21;15,4;16,73
01-01-2000 0:20;29,17;36,07;21,83;32,38;27,45;26,53;25,1;36,03;34,2;34,02;29,51;26,57;26,66;29,5;27,98;25,08;28,97;32,92;33,98;30,03;52,15;28,22;24,54;27,29;22,03;28,16;32,77;24,35;23,67;29,22;29,73;35,7;28,1;25,4;29,61;21,33;25,45;30,2;29,26;26,54;26,96;26,86;28,22;27,3;24,89;23,38;24,79;26,82;22,18;21,13;20,8;19,51;21,78;24,64;22,23;21,16;20,16;26,24;27,19;25,24;25,37;27,28;21,8;20,13;16,56;18,37;17,57;18,25;17,56;19,36;23,31;22,56;20,1;16,48;18,28;14,02;18,25;19,45;19,81;20,31;16,55;14,64;16,67
01-01-2000 0:20;22,69;27,34;29,5;32,31;28,95;24,23;26,32;22,18;26,7;35,94;36,55;31,04;28,42;30,22;30,48;31,55;32,8;35,45;27,11;32,67;47,29;29,73;28,14;21,49;24,71;27,56;31,57;28,64;28,04;24,27;26,77;29,96;33,12;29,54;30,36;29,52;27,72;24,33;25,52;24,63;26,27;24,28;25,92;23,72;24,07;18,05;22,22;23,94;22,99;20,06;23,5;22,7;21,55;24,28;20,54;22,2;22,44;25,35;26,45;26,69;21,88;27;21,07;21;16,69;17,98;16,81;17,61;16,38;19,58;23,39;22,92;19,7;16,33;18,4;15,05;19,39;20,12;19,4;20,94;18,07;15;16,64
01-01-2000 0:20;25,24;27,32;30,16;34,06;32,06;24,46;23,93;27,71;31,83;38,03;33,87;24,46;24,95;29,7;30,94;31,93;31,21;30,89;28,97;27,89;46,85;30,22;28,32;27,75;23,67;22,17;31,4;27,33;27,86;28,1;28,15;27,48;31,91;27,34;33,6;30,78;31,91;25,41;24,85;26,11;25,88;24,13;24,85;22,44;21,61;21,24;21,83;24,94;24,04;22,91;22,07;20,75;21,77;25,65;22,93;20,23;22,23;27,5;26,97;27,84;20,15;27,79;19,19;20,61;18,24;18,91;16,54;18,18;16,68;19,61;24,7;21,07;18,33;15,48;18,83;14,4;18,55;19,91;19,15;20,28;17,49;14,74;16,35
01-01-2000 0:20;31,35;32,38;29,51;29,02;33,33;25,06;27,71;33,27;31,35;36,71;35,64;29,59;24,12;31,92;29,02;31,15;30,49;33,03;29,73;32,3;47,68;28,27;24,43;24,98;21,77;20,74;28,3;28,78;25,91;28,2;33,95;27,94;32,7;26,05;28,96;27,75;27,72;24,72;25,16;26,32;28,78;22,63;25,8;24,7;19,62;22,48;22;25,07;23,46;20,38;20,21;21,91;22,67;22,53;19,84;19,91;22,34;26,6;26,88;27,63;21,17;25,39;19,46;21,15;16,73;18,52;16,98;17,3;16,39;19,74;23,73;21,19;18,29;16,39;18,13;15,22;18,23;19,88;17,75;19,93;17,33;15,5;16,88
01-01-2000 0:20;25,81;29,83;28,71;28,32;28,98;29,24;31,21;31,43;32,21;35,81;31,09;28,21;26,05;32,49;26,53;32,74;27,81;36,21;35,49;33,26;48,31;27,29;23,82;25,97;26,2;24,9;29,44;26,07;28,77;31,38;28,16;23,81;28,36;28,28;27,4;29,29;27,1;22,59;25,28;24,67;27,53;25,46;25,46;25,89;21,14;23,41;23,17;23,5;23,34;22,44;22,64;19,55;22,87;23,39;21,59;20,34;21,27;26,15;25,53;28,04;22,57;25,57;19,07;22,53;18,86;19,71;16,85;18,57;17,47;19,59;23,62;20,1;18,36;19,06;17,32;16,14;18,51;19,52;17,88;19,5;18,74;17,04;17,04
01-01-2000 0:20;27,2;28,05;17,45;33,64;26,48;24,03;23,46;28,58;27,93;30,75;32,04;30,09;26,16;32,99;26,7;30,95;26,31;30,19;25,31;31,09;45,6;27,32;28,82;25,55;23,53;24,06;28,48;25,14;29,19;25,4;24,55;25,32;26,91;28,29;34,15;34,22;24,6;22,77;27,27;26,54;26,77;24,61;25,53;25,9;26,85;23,83;25,63;25,51;24,8;22,23;22,15;21,63;22,56;21,79;22,18;19,79;23,2;25,1;25,84;26,93;20,83;24,3;21,2;22,76;21,37;18,96;16,66;18,37;18,08;18,01;22,36;19,62;20,36;17,84;16,31;16,69;19,56;18,73;16,79;19,94;17,69;15,93;16,89
01-01-2000 0:20;30,42;32,06;25,55;29,96;29,87;21,43;26,98;34,03;26,01;34,13;35,68;27,14;25,45;28,71;23,03;34,72;28,72;27,2;27,41;30,02;42,11;29,71;27,67;25,31;21,71;21,68;31,05;24,94;23,56;18,5;24,04;23,46;31,6;32,06;32,91;26,12;24,64;20,16;23,07;25,12;26,14;24,25;24,69;22,26;24,76;20,92;21,23;26,11;23,61;21,78;21,2;19,28;21,44;22,37;19,3;20,41;24,25;25,21;24,96;28,5;21,64;25,03;20,15;23,15;19,6;20,27;17,09;17,09;18,34;17,55;23,01;20,73;20,14;18,84;16,09;16,32;19,03;17,66;16,13;19,8;17,36;16,5;15
01-01-2000 0:20;17,29;33,91;28,72;28,23;31,61;28,02;24,8;31,48;30,66;34,45;23,64;22,17;28,18;33,01;26,78;27,16;26,61;25,67;27,31;28,18;46,27;31,95;25,12;25,27;23,04;21,64;30,74;22,92;26,63;22,7;23,35;21,6;29,79;26,02;30,06;28,34;24,21;24,51;25,42;22,77;26,91;23,2;27,42;24,25;19,29;21,53;23,04;21,51;22,24;23,16;20,62;20,93;21,21;22,25;21,01;21,9;23,84;25,96;25,29;27,38;20,56;25,52;19,65;21,58;18,62;20,04;16,86;18,09;17,27;18,15;23,73;19,2;18,52;18,14;16,99;15,86;18,51;18,6;17,93;20,32;17,12;15,96;16,32
01-01-2000 0:20;28,94;27,97;15,75;24,18;30,6;29,06;26,69;32,05;32,5;34,68;32,54;30,22;24,59;20,13;28,93;29,01;27,59;26,29;32,05;31,69;44,43;30;30,11;27,61;26,98;27,02;30,43;20,99;22,18;24,37;22,64;28,04;27,86;26,72;27,32;27,73;24,88;21,72;24,18;25,2;25,7;23,96;27,56;23,13;22,06;18,71;21,27;24,29;21,01;18,61;18,81;21,02;21,03;24,75;20,86;20,13;21,35;26,83;25,54;26,48;21,01;26,88;18,75;22,32;16,83;18,94;17,62;17,72;17,34;20,07;22,24;18,98;18,63;17,86;18,07;16,4;17,29;18,8;18,51;20,49;17,33;15,07;16,45
01-01-2000 0:20;21,74;22,85;26,87;27,27;27,36;24,11;27,83;36,85;29,99;31,89;33,06;31,33;30,46;30,83;22,47;27,12;28,31;34,2;33,58;36;44,83;30,07;31,96;35;25,47;28,1;29,9;23,05;26,49;24,4;32,41;33,57;34,04;30,31;30,87;24,71;26,7;32,82;27,62;26,06;27,37;26,22;28,07;24,44;22,89;23,89;23,51;24,59;22,58;25,13;22,05;23,25;25,23;23,65;20,9;21,23;21,41;26,99;25,83;26,67;21,91;26,93;20,56;20,13;19,72;19,06;19,05;17,98;17,33;19,16;23,82;19,23;18,62;18,62;19,55;16,17;17,75;20,32;19,42;20,42;18,03;15,85;17,29
01-01-2000 0:20;24,24;29,62;19,16;23,77;29,59;27,92;26,09;37,11;36,42;37,81;24,99;24,31;27,45;25,21;20,92;28,5;26,74;27,19;36,8;29,35;47,57;31,17;30,48;25,72;26,62;25,43;28,94;24,13;19,27;23,76;31,39;34,73;33,44;31,65;32,79;26,54;25,27;21,38;27,34;25,32;28,63;27,09;27,17;24,59;21,96;20,58;23,19;23,48;22,46;21,71;21,16;22,56;23,64;23,14;21,6;21,34;23,05;26,64;25,93;25,73;20,51;27,07;18,78;20,28;18,21;19,1;18,47;17,08;17,21;18,35;23,14;21,48;19,08;18,45;17,91;14,78;19,05;20,98;19,55;20,5;17,14;14,76;16,86
01-01-2000 0:20;27,06;26,65;31,06;31,48;28,74;29,03;22,01;29,91;36,38;41,08;35,68;24,18;24,37;26,58;30,76;29,53;31,08;31,48;33,62;33,91;49,78;33,97;27,82;27,48;22,53;28,81;31,72;26,46;21,39;23,58;28,33;28,16;27,55;30,4;30,52;26,72;24,05;24,86;25,2;28,18;25,97;22,85;25,09;25,66;19,86;22,67;22,29;24,13;22,92;21,3;21,58;21,63;21,35;24,09;20,8;20,78;22,05;25,75;25,18;26,29;22,6;26,32;20,22;21,25;18,59;18,83;19,17;18,69;17,06;18,7;23,71;22,16;20,06;17,89;17,86;15,6;18,63;21,29;19,34;22,28;17,04;15,58;16,27
01-01-2000 0:20;32,35;37,2;25,68;34,97;28,36;28,06;20,5;35,52;30,14;29,64;34,15;30,21;27,04;26,06;32,16;27,29;23,87;31,62;30,99;34,22;48,12;34,02;28,5;26,3;25,74;26,38;31,49;25,35;24,32;22,61;25,72;25,43;29,77;27,77;27,58;25,31;26,03;25,82;24,23;26,22;26,35;23,51;27,53;25,8;21,56;22,83;25,03;25,74;21,75;22,12;21,79;21,16;23,3;22,33;21,19;21,17;24,48;26,99;24,51;27,84;24,33;24,8;19,95;22,33;19,17;19,21;17,72;18,86;16,55;19,91;23,83;22,59;19,85;18,26;19,1;15,53;19,35;22,06;20,06;21,13;17,21;16,31;17,63
01-01-2000 0:20;30,47;33,31;29,33;28,8;31,03;14,83;20,29;25,46;35,73;32,1;28,72;31,19;25,1;30,95;27,14;28,14;27,47;30,53;26,25;32,35;45,7;30,44;26,19;26,23;22,66;24,25;30,99;25,11;26,35;21,5;22,06;26,18;32,16;28,28;24,62;24,6;24,74;25,22;24,82;25,01;27,28;22,74;26,74;23,99;19,49;18,95;22,79;24,72;22,99;21,84;22,78;21,26;21,04;22,71;21,42;20,67;21,54;27,2;25,51;26,23;25,17;26,14;20,18;21,32;19,19;20,48;18,19;19,32;17,13;19,98;24,05;22,45;20,31;18,56;17,66;16,59;18,45;20,56;20,75;21,85;17,39;15,84;16,98
01-01-2000 0:20;16,69;28,25;29,22;31,09;32,68;22,35;25,06;35,87;24,8;35,46;32,35;29,85;33,12;27,82;27,23;29,55;25,93;29,03;27,9;30,41;47,55;29,71;26,86;27,68;20,72;24,34;28,12;19,48;23,07;19,56;22,59;23,94;32,09;26,81;23,95;26,44;28,38;25,01;26,28;24,89;25,81;24,86;25,17;23,29;18,37;20,52;19,62;24,4;23,5;22,26;23,95;20,19;22,6;22,66;20,51;19,71;23,09;26,02;23,06;26,09;25,63;26,6;19,22;21,43;17,19;19,4;17,25;18,08;17,07;17,98;24;22,25;20,44;17,7;18,29;14,63;17,85;21,23;20,45;21,34;15,35;15,21;16,26
01-01-2000 0:20;22,17;30,67;30,17;15,6;28,94;16,39;25,78;30,47;27,44;34,57;22,42;24,82;30,08;32,7;24,6;30,01;26,54;28,11;31,06;31,93;46,22;28,88;24,03;25,71;29,67;29,68;30,31;27,01;24,18;20,93;26,11;27,94;33,57;26,3;30,42;27,42;23,69;21,04;26,4;24,92;27,15;22,69;26,49;24,38;22,4;21,19;20,59;24,83;25,32;18,51;19,26;18,83;21,37;23,16;23,23;22,25;22,17;26,38;22,13;25,45;26,93;27,75;21,55;22,06;19,25;19,37;18,95;19,33;17,59;17,75;23,12;21,44;20,68;18,56;19,01;17,25;18,76;20,09;21,46;21,61;16,38;15,5;17,58
01-01-2000 0:20;23,92;30,68;28,45;29,74;30;26,73;24,02;25,83;28,88;31,97;33,19;35,04;29,71;32,04;23,44;30,58;25,85;32,15;32,07;30,61;45,24;28,6;27,13;28,4;23,9;25,02;32,08;26,32;22,71;23,83;24,33;29,78;31,69;24,37;27,57;26,16;23,75;24;26,37;27,13;26,48;21,78;29,88;28,5;24,42;23,77;21,87;23,1;22,32;20,99;22,25;19,93;23,31;24,04;22,96;23,7;23,07;25,36;23,77;24,69;25,1;28,22;21,73;22,92;19,77;20;17,81;20,1;17,31;19,13;22,7;20,97;20,28;19,95;18,44;15,7;18,85;19,06;21,56;20,16;15,48;16,48;17,29
01-01-2000 0:20;29,05;24,37;19,4;29,79;20,14;19,41;29,83;34,41;27,79;31,73;33,77;26,09;27,88;29,2;29,99;27,64;24,24;26,4;25,8;33,7;50,12;28,64;28,36;30,04;25,07;22,95;29,34;24,56;23,66;22,74;23,22;27,01;31,89;26,01;29,2;25,44;23,45;22,47;24,2;26,9;25,98;22,21;26,04;25,44;20,57;19,4;21,59;24,62;24,65;22,46;22,46;22,16;22,78;23,71;23,11;22,55;23,13;24,24;24,6;25,6;26,53;27,38;21,62;24,9;19,56;18,46;17,59;19,48;18,68;19,63;22,23;18,96;17,67;19,66;18,54;16,2;17,78;17,82;21,53;19,8;16,29;16,98;16,22
01-01-2000 0:20;34,42;28,27;27,41;26,61;30,92;25,2;25,19;30,4;31,28;33,45;27,75;27,13;33,34;31,55;27,35;28,72;28,84;30,65;30,32;30,41;50,46;32,41;31,82;34,46;29,32;25,89;29,21;26,67;23,76;26,75;25,74;29,65;28,16;25,76;31,12;36,57;35,17;24,77;25,65;24,48;24,82;34,83;31,42;25,72;21,71;22,62;31,15;26,28;23,83;20,85;25,24;22,22;19,93;25,68;23,38;21,1;28,07;24,64;23,13;26,15;26,99;25,52;24,28;25,21;21,51;19,54;17,27;20,03;19,09;20,73;21,48;18,58;19,17;20,88;19,49;17,89;18,46;18,34;21,27;19,48;17,97;17,55;16,51
01-01-2000 0:20;26,85;32,02;34,65;31,79;25,92;24,23;20,24;24,88;27,75;33,85;33,68;30,3;17,8;29,26;29,44;27,05;26,59;33,76;33,37;34,75;48,9;19,65;28,98;29,31;28,43;29,29;29,75;27,94;26,88;26,97;27,86;30,88;27,28;29,62;28,42;28,74;26,39;24,74;21,59;26,82;26,25;25,84;28,27;25,68;22,37;19,46;25,24;26,23;24,38;22,9;23,49;21,06;20,63;23,46;24,12;20,31;24,93;24,58;25,59;25,37;25,69;26,22;22,88;25,22;20,65;19,39;18,21;20,53;18,46;19,44;22,92;19,99;19,27;20,1;19,78;18,89;17,83;18,12;21,39;20,22;16,12;17,24;16,79
01-01-2000 0:20;20,91;26,67;34,47;38,83;28,36;20,99;27,49;31,68;29,92;32,55;30,7;28,07;31,53;29,4;32,15;34,06;22,29;33,9;32,46;32,76;50,17;29,18;26,52;25,08;26,01;24,69;28,46;20,66;23,84;25,45;26,83;25,27;30,97;33,54;35,99;27,32;26,64;26,48;24,49;26,93;26,09;23,89;24,22;23,59;22,05;22,3;23,13;23,13;22,45;23,46;20,61;21,54;22,37;25,07;20,59;19,53;22,98;23,2;25,39;23,5;23,98;26,28;21,33;25,44;19,16;19,2;18,28;19,67;18,48;19,56;21,98;19,95;19,22;19,76;18,65;15,85;16,94;16,88;21,6;19,65;16,39;16,03;16,49
01-01-2000 0:20;27,06;34,65;30,44;21,55;31,78;20,51;26,05;33,11;31,74;31,87;31,54;21,54;29,48;31,86;30,88;33,45;26,46;28,18;29,89;30,9;48,77;28,2;32,03;27,54;30,23;28,27;32,29;24,49;24,59;25,32;25,27;23,71;29,77;29,74;33,74;26,51;29,52;23,37;21,62;26,88;23,56;24,34;26,51;22,03;21,57;20,26;20,51;24,58;22,19;20,89;20,88;23,21;23,21;25,27;22;21,57;24,92;24,29;25,94;24,52;25,89;27,29;24,47;26,07;21,92;19,95;19,55;21,34;19,88;21,09;23,17;22,12;21,83;21,55;20,04;18,6;18,52;18,41;22,4;19,92;16,96;18,31;17,11
01-01-2000 0:20;30,62;29,93;29,71;31,34;29,69;22,57;26,31;32,49;35,11;33,53;28,16;28;31,89;28,93;27,14;31,82;24,82;30,49;27,31;33,26;47,88;31,29;32,95;30,65;26,08;25,18;32,33;26,9;27,43;25,16;24,39;26,13;33,17;31,53;36,44;32,41;31,96;24,57;25,08;26,45;26,66;27,35;23,96;24,72;20,66;20,27;23,44;20,82;23,6;20,25;19,46;19,09;21,02;21,31;20,24;18,67;22,85;22,92;24,89;23,38;23,6;26,38;20,63;24,52;18,42;16,06;16,36;17,81;16,07;17,19;21,8;21,61;18,86;18,49;17,25;15,32;17,45;17,65;20,34;20,09;14,7;14,25;15,82
01-01-2000 0:20;31,71;26,28;27,05;32,54;34,43;29,6;29,88;32,38;36,13;39,36;33,22;29,66;30,94;33,19;28,14;32,51;28,32;35,34;35,5;33,95;45,85;31,93;30,07;26,26;23,98;25,62;27,39;23,42;23,8;26,06;28,78;32,22;37,82;32,05;30,08;27,96;29,22;22,27;24,15;27,41;25,39;26,13;24,04;25,31;21,69;19,38;21,58;21,14;20,75;17,02;21,19;19,16;19,86;23,45;19,42;20,82;24,04;21,32;22,79;23,91;23,82;25,67;17,5;24,7;17,97;16,64;16,45;18,83;16,83;17,54;22,28;21,31;18,65;18,65;17,04;15,16;16,92;18,35;21,45;20,75;15,2;14,47;15,61
01-01-2000 0:20;31,77;30,19;33,11;37,25;34,47;26,42;28,08;32,86;27,42;37,11;30,38;27,13;23,95;25,96;24,44;27,66;29,98;34,75;35,19;32,63;47,92;27,83;24,45;32,55;28,99;27,42;33,34;27,07;22,33;23,29;26,45;27,83;33,01;33,17;32,23;33,81;30,19;24,74;23,47;25,55;24,66;25,4;25,32;21,49;21,12;17,73;18,94;24,3;22,39;21,33;21,45;19,22;20,79;24,31;21,28;18,44;22,87;22,42;24,4;23,83;25,64;26,42;19,85;24,03;19,34;16,55;16,99;17,51;17,71;18,29;22,48;19,75;19,44;18,38;17,61;15,2;16,35;17,76;20,92;19,61;15,67;14,85;15,24
01-01-2000 0:20;23,23;26,01;29,58;28,2;28,56;16,45;21,48;32,82;36,85;37,82;32,54;24,66;26,39;29,57;30,77;29,09;30,32;27,11;26,7;32,54;49,94;30,15;25,91;27,99;24,23;24,46;30,28;28,27;23,8;25,08;27,68;27,67;30,76;32,02;28;30,2;29,48;25,76;24,05;24,98;27,84;23,92;26,81;22,76;22,04;20,3;20,77;23,02;23,1;22,13;17,37;21,06;21,38;23,15;21,54;20,97;23,19;24,11;23,26;25,3;24,64;27,3;20,89;24,4;19,73;17,28;18,25;19,77;18,14;19,44;22,54;18,37;18,96;19,01;18,79;15,67;16,48;17,98;20,33;19,37;16,7;16,39;16,15
01-01-2000 0:20;11,94;30,07;25,35;28,49;28,27;24,79;23,64;34,84;32,62;33,22;31,57;24,99;28,55;30,93;29,72;31,15;29,34;30,91;30,29;32,45;48,39;28,36;25,92;25,8;25,28;23,2;29,17;26,6;21,37;20,85;25,99;24,31;30,56;28,13;30,9;26,57;28,7;24,82;21,61;25,43;26,31;22,61;25,78;25,6;19,14;20,06;22,52;24,38;23,31;22,7;22,36;21,19;22,15;23,61;21,54;19,39;23,42;24,56;22,91;25,27;25,06;26,54;21,42;24,09;19,44;17,17;17,48;19,04;17,99;18,1;22,5;19,13;19,09;18,73;19,06;15,77;17,8;17,92;21,03;19,06;15,9;16,41;16,19
01-01-2000 0:20;22;24,37;24,37;28,35;23,41;12,64;27,06;37,78;28,29;38,99;31,66;22,74;28,51;32,85;30,72;34,24;29,98;29,73;34,2;27,88;49,11;28,35;28,58;27,44;29,63;29,09;26,16;26,9;22,14;24,77;28,1;23,71;28,28;30;29,91;27,15;34,04;28,77;27,2;28,08;26,41;24,93;26,34;27,11;22,64;24,79;25,88;22,15;23,09;20,7;22,34;24,49;25,44;27,87;22,63;21,77;25,21;22,8;24,13;24,39;26,6;27;22,32;24,22;20,29;18,11;17,9;19,23;18,9;19,74;20,99;19,98;19,6;18,85;19,57;16,99;17,97;17,59;21,57;19,65;17,35;17,12;16,66
01-01-2000 0:20;17,88;26,65;28,12;27,36;27,5;26,01;20,39;24,21;30,78;30,46;28,17;23,88;27,41;35,57;22,58;28,99;28,79;33,88;30,51;30,45;48,39;25,5;24,2;22,48;22,65;24,3;27,35;27,37;24,88;27,24;24,22;23,8;30,07;27,09;28,42;24,64;27,92;24,93;23,47;27,22;25,55;25,9;24,98;22,55;22,46;24,31;21,16;25,98;23,47;19,13;22,02;23,63;23,5;23,6;22,71;22;24,68;22,85;24,66;25,42;24,69;26,97;22,64;25,27;21,1;18,48;18,49;20,09;18,42;18,36;20,73;20,2;19,1;18,62;19,08;17,13;17,32;19,4;21,74;20,05;17,28;17,25;17,26
01-01-2000 0:20;26,52;29,5;23,93;24,65;27,83;24,01;26,74;34,81;26,51;29,5;31,64;29,48;27,65;29,6;29,86;30,2;25,69;30,48;28,75;26,35;48,59;33,05;27,88;28,57;24,87;22,67;31,89;28,21;23,45;27,39;30,29;28,51;33,19;35,04;33,54;35,2;27,95;25,17;25,64;25,08;28,08;25,36;22,05;26,73;24,65;22,65;23,95;25,59;22,03;23,2;22,17;21,82;24,01;22,83;20,8;20,08;21,48;25,01;23,95;25,95;25,32;26,97;22,14;25,11;21,58;19,43;17,92;20,46;18,86;19,03;21,39;19,87;19,53;19,65;18,24;17,18;17,55;18,66;21,05;19,74;18,6;16,74;16,19
01-01-2000 0:20;21,43;29,03;30,98;35,93;32,4;21,33;24,55;26,93;30,14;29,4;34,93;29,76;26,55;29,57;27,15;23,77;26,14;30,25;30,11;33,49;47,55;29,45;28,91;25,49;24,51;23,3;29,57;23,41;24,48;31,5;31,34;32,31;32,56;34,23;30,53;32,06;25;21,77;24,14;30,63;30,05;22,06;25,56;23,88;22,1;21,11;24,07;24,78;23,98;22,56;22,38;21,74;20,72;22,89;22,36;22,02;23,2;25,67;22,65;25,95;25,67;25,61;24,2;25,36;20,99;20,18;17,83;20,55;18,84;18,92;21,7;18,55;19,58;19,1;18,07;17,25;17,04;18,56;20,78;20,15;17,41;17,58;15,96
01-01-2000 0:20;26,29;28,05;31,85;28,94;25,46;18,72;29,02;29,65;31,4;36,99;27,31;22,83;25,3;28,2;25,53;25,17;25,52;33,69;28,76;29,59;50,05;31,02;33,41;30,8;22,77;19,39;26,77;22,49;23,42;27,93;25,54;28,26;33,23;32,9;32,38;30,63;24,69;22,57;24,73;28,09;27,11;23,87;25,07;22,03;21,47;21,74;23,22;22,89;24,09;22,48;21,55;22,92;19,67;22,15;20,76;21,14;21,87;25,23;22,78;26,29;27,43;25,42;23,42;24,51;19,61;18,92;18,09;19,6;19,58;19,9;22,68;19,77;20,72;18,79;18,31;18,1;16,45;18,18;19,49;20,87;16,81;17,11;15,89
01-01-2000 0:20;25,26;20,54;17,23;26,2;23,94;25,53;28,82;35,04;35,15;32,96;32,6;27,28;29,91;25,41;27,18;28,88;28,1;25,48;28,65;25,44;49,34;28,22;26,45;27,82;22,69;26;28,55;27,02;24,65;28,75;25,39;26,14;31,86;28,93;28,25;27,08;25,53;24,86;24,29;27,52;28,38;25,43;27,96;24,18;23,73;20,95;23,59;24,97;25,62;22,16;22,55;22,96;24,23;21,23;23,08;22,59;25,16;23,99;24,75;25,95;28,66;26,86;25,29;24,07;22,17;21,79;19,71;19,8;20,01;21,66;23,44;22,1;22,56;20,65;21,67;20,54;20,03;22,18;22,12;22,53;20,81;21,44;22,61
01-01-2000 0:20;18,62;29,29;18,09;29,85;23,71;24,19;23,24;29,09;30,22;33,86;30,85;24,58;27,52;34,72;26,42;27,26;24,95;32,52;26,4;33,19;47,56;27,78;24,89;32,46;24,6;25,19;25,76;22,63;24,21;23,23;22,57;23,68;32,1;30,74;32,6;29,62;25,43;21,25;21,94;25,82;27,74;23,17;23,45;21,73;22,14;20,59;19,36;24,4;23,47;19,65;23,27;21,52;20,45;20,61;19,91;19,78;20,4;22,93;22,66;27,46;28,13;26,7;22,78;23,83;19,14;19,09;14,95;18,39;17;21,57;21,46;17,73;17,58;15,55;17,56;17,15;14,39;17,42;17,87;20,09;15,01;15,73;15,42
01-01-2000 0:20;29,42;30,68;30,53;31,08;29,4;24,59;27,98;29,29;32,19;34,72;34,71;31,76;28,77;31,01;22,39;26,37;29,12;32,59;27,53;31,7;46,24;29,5;25,5;27,26;19,68;17,3;28,25;23,6;20,11;18,05;24,11;23,2;28,49;27,25;30,71;25,82;25,08;21,16;23,72;25,95;26,71;27,37;27,88;24,63;24,06;20,92;23,39;25,41;23,73;20,04;21,75;20,46;21,04;21,92;21,55;20,38;22,69;23,63;22,58;26,47;29,73;26,7;23,12;23,08;20,35;20,61;17,99;20,07;17,94;22,18;22,18;19,98;17,89;17,64;17,94;16,85;15,3;18,28;17,27;17,89;15,52;16,3;15,2
01-01-2000 0:20;26,78;23,55;28,34;25,66;29,37;24,86;27,21;25,74;31,04;34,85;31,02;30,47;26,56;26,72;27,64;31,08;27,96;30,51;26,51;27,61;46,36;25,79;26,77;29,34;23,24;25,52;27,61;25,14;22,54;22,57;25,15;26,89;27,71;24,86;28,9;30,81;25,87;22,24;23,72;21,91;25,88;21,47;25,5;25,28;20,23;20,77;21,57;23,67;21,99;19,88;21,5;20,43;21,13;21,22;19,37;18,8;22,53;22,89;22,58;26,32;29,71;26,29;21,22;22,25;18,55;19,59;15,63;19,15;17,4;22,17;23,22;17,32;17,68;16,5;19,06;17,59;16,54;18,95;15,76;17,9;16,05;16,52;15,5
01-01-2000 0:20;22,41;25,9;29,66;29,74;29,2;25,67;26,6;36,01;27,68;37,1;34,05;33,8;33,83;28,09;27,32;29,26;21,33;25,08;30,58;33,62;48,64;27,33;27,76;27,18;22,91;23,87;27,61;23,19;24,89;18,99;24,79;30,78;29,08;26,25;24,74;23,87;22,23;22,14;25,69;25,11;26,34;23,58;24,09;25,2;19,74;18,9;22,32;22,93;24,63;22,11;19,35;20,62;19,78;21,29;19,22;17,82;22,23;22,74;23,12;26,38;29,36;25,17;21,86;22,66;18,67;19,31;17,65;19,05;17,95;21,72;22,46;18,34;17,04;16,16;19,1;16,21;16,24;19,79;16,07;17,63;17,04;17,18;15,77
01-01-2000 0:20;28,37;24,1;26,7;23,02;27,26;27,4;25,49;29,73;27,24;31,35;33,09;30,35;25,31;25,65;27,83;24,06;24,4;29,51;31,47;32,6;49,9;25,63;27,33;25,38;22,59;26,35;28,44;25,94;21,68;17,36;23,28;30,47;33,85;26,76;22,54;23,18;22,82;23,23;25,25;28,92;24,83;24,35;23,99;22,59;24,49;20,54;22,16;24,48;22,52;20,33;18,07;20,46;20,8;20,94;19,56;18,28;23,69;22,85;22,24;26,82;29,26;26,36;22,58;22,31;18,84;18,23;16,58;19,4;17,41;22,46;23,48;18,12;18,5;17,6;19,22;16,91;16,84;19,79;16,06;17,68;16,53;16,58;15,68
01-01-2000 0:20;31,31;29,11;28,57;32,36;31,75;32,21;24,56;36,54;32,82;34,37;26,38;31,68;29,56;32,24;25,49;24,94;22,07;28,39;31,7;35,44;49,25;28,34;25,64;25,52;24,94;23,61;30,19;23,94;22,43;28,3;28,61;28;29,65;24,77;23,36;22,55;22,43;23,04;22,85;27,18;27,59;25,48;25,48;23,71;23,91;21,02;20,68;23,51;22,35;21,95;21,79;21,46;20,68;20,02;19,54;18,46;22,5;24,52;22,36;27,02;29,92;25,32;22,07;21,19;18,52;18,71;16,05;17,51;16,5;21,82;23,22;16,73;16,61;15,95;19,34;16,5;16,12;19,76;16,79;17,63;16,91;15,55;14,78
01-01-2000 0:20;26,91;27,25;28,71;31,86;27,01;25,46;21,29;30,07;29,36;32,56;28,85;30,94;28,16;31,73;25,92;25,91;28,6;23,42;26,73;31,19;50,85;33,66;31,75;22,91;18,22;24,63;26,53;21,63;21,51;22,32;27,76;21,03;32,2;28,61;29,09;22,85;23,71;20,76;26,23;28,29;27,4;24,56;23,96;24,51;27,11;25,75;19,86;23,74;22,57;18,82;22,23;20,81;22,17;22,42;20,56;20,19;22,42;22,76;23,06;26,7;30,81;26,76;22,85;22,32;18,14;19,08;15,93;19,17;16,56;21,41;22,71;17,44;15,68;14,98;17,89;16,83;16,16;20,82;15,48;17,76;16,36;15,83;14,67
01-01-2000 0:20;24,91;25,86;24,54;30,03;25,63;30,48;29,05;33,23;31,4;37,68;28,83;28,58;22;30,97;21,73;24,76;26,27;28,13;30,69;31,25;52,26;33,72;26,85;27,56;25,09;20,41;26,88;22,46;18,45;24,02;26,22;27,18;28,63;31,37;29,15;25,72;24,23;23,47;23,68;24,05;24,99;23,38;23,48;22,97;21,37;18,62;20,99;23,85;21,84;21,67;21,12;22,26;18,7;22,26;19,97;17,07;23,06;22,42;22,93;26,02;29,14;26,57;20,81;20,08;17,36;18,72;15,38;18,75;16,4;22,02;23,37;18,01;16;15,09;18,54;16,73;16,03;19,92;16,51;17,99;16,4;15,28;15,31
01-01-2000 0:20;23,55;33,76;31,87;26,21;25,2;22,22;27,25;33,58;32,15;38,48;30,26;23,32;38,52;31,09;25,44;29,47;22,81;33,02;29,46;30,48;50,2;32,01;24,13;21,43;27,73;22,33;26,89;23,5;22,87;29,97;31,78;28,56;31,49;30,94;28,47;25,26;24,48;26,52;25,72;26,61;30;24,84;25,43;30,11;23,41;20,35;23,45;23,21;22,74;19,46;20,17;21,29;20,11;19,67;21,68;20,14;22,27;23,92;23,71;26,77;29,86;27,57;23,06;23,02;19,09;18,45;16,67;19,74;17,72;21,49;23,06;19,65;17,25;17,6;18,49;17,79;17,19;19,89;17,13;19,17;15,87;16,6;15,04
01-01-2000 0:20;26,2;21,64;29,04;32,7;28,24;23,28;28,99;33,27;24,44;27,72;32,57;27,11;26,89;30,95;30,49;25,22;27,27;30,75;30,59;28,57;45,49;25,65;26,06;24,53;19,6;23,44;27;26,03;23,87;23,47;23,29;24,92;32,38;28,59;27,56;22,99;25,73;32,35;24,14;27,16;26,8;25,14;25,18;24,91;21,41;18,19;20,9;23,22;23,39;19,63;20,41;20,51;22,73;23,22;21,43;19,41;23,9;23,25;21,92;25,67;29,87;27,35;23,37;21,99;17,94;18,18;15,85;19,11;17,37;22,27;22,58;18,85;16,71;17,23;17,72;16,11;14,98;18,43;16,69;18,94;15,76;16,09;14,92
01-01-2000 0:20;22,41;28,33;28,52;30,79;31,99;25,88;25,95;29,17;24,78;34,21;32,2;27,26;22,73;30,48;27;27,18;23,79;33,24;24,19;28,99;49,31;26,66;29,88;28,9;26,92;24,39;28,49;20,05;22,03;25,08;26,73;22,29;26,9;27,96;26,8;22,6;31,3;25,11;24,2;26,71;25,97;23,04;26,75;22,81;21,21;19,8;18,95;24,35;22,54;20,95;22,1;19,04;20,02;22,05;19,99;18,97;21,18;22,74;22,47;25,92;29,84;28,02;22,07;22,12;19,14;18,24;15,17;18,56;17,18;21,84;21,54;18,47;15,95;17,32;17,54;16,95;15,84;18,54;16,9;18,88;16,21;16,85;15,16
01-01-2000 0:20;28,67;29,38;25,69;18,46;24,67;29,61;27,84;34,13;33,77;37,52;30,85;27,65;27,18;28,34;27,68;24,01;27,3;23,84;27,41;30,16;50,17;29,46;23,21;24,89;25,52;21,73;27,86;23,7;22,85;23,05;22,8;26,36;26,44;25,49;26,62;22,48;24,82;23,56;22,46;25,79;26,69;24,47;23,86;21,28;20,66;17,43;22,01;23,03;18,77;21,33;21,27;21,78;20,72;22,57;17,63;17,94;21;22,08;21,73;26,42;29,41;27,28;21,88;22,29;19,72;19,84;16,74;19,54;18,22;23,01;22,57;19,07;17,56;17,09;18,92;16,79;15,38;18,52;17,13;19,64;15,99;16,33;14,9
01-01-2000 0:20;22,58;20,87;25,53;29,09;22,93;19,09;21,59;25,13;27,36;26,85;24,93;25,65;25,36;27,52;26,6;22,04;23,29;21,86;30,33;31,01;50,21;27,7;29,64;23,77;25,43;21,51;29,89;22,78;21,61;18,76;24,28;21,94;27,12;25,99;27,72;20,08;24,09;20,41;21,22;22,17;26,87;21,78;25,43;22,42;23,21;15,79;21,84;25,28;21,71;20,4;20,66;19,58;19,21;20,64;18,73;17,22;19,87;22,25;22,05;25,77;29,7;26,98;21,06;22,04;19,47;18,79;15,56;17,99;18,65;22,06;22,8;18,67;15,86;16,71;17,64;15,72;15,87;18,49;16,54;19,34;16,37;16,1;15,41
01-01-2000 0:20;27,71;27,42;25,12;24,83;34,33;22,79;27,71;28,06;29,49;36,09;29,33;23,26;24,45;24,85;29,16;24,27;23,24;27,36;25,42;30,97;50,47;31,7;29,56;24,57;21,86;19,74;27,11;23,05;22,68;20,03;24,26;23,8;27,28;28,43;27,01;23,59;22,56;24,15;24,43;25,04;25,63;23,48;22,92;26,43;25,42;20,05;23,05;24,49;21,54;19,96;21,49;19,5;21,58;22,18;21,18;17,59;23,45;21,31;20,62;27,68;29,38;28,9;21,6;23,4;18,65;19,16;17,15;19,81;18,63;23,71;23,65;19,19;18,48;17,77;19,11;16,71;17,28;18,81;17,11;18,83;17,09;16,12;15,79
01-01-2000 0:20;26,35;33,06;31,98;22,18;24,86;21,25;23,95;27,05;30,19;37,24;22,29;24,23;25,63;29,71;27,66;23,39;23,69;28,45;26,05;29,04;47,38;27,09;26,5;22,78;21,97;24,21;29,13;26,61;23,28;21,57;23,17;25,84;30,7;24,85;24,13;23,11;22,26;23,87;21,87;25,53;25,14;22,47;25,4;25,46;21,12;18,79;19,15;23,38;21,77;19,09;21,1;19,54;21;20,27;19,38;17,71;21,14;21,12;20,93;26,83;28,76;27,42;19,55;24,07;18,51;18,02;15,32;18,55;16,33;20,46;22,54;17,31;15,02;17,06;18,29;16,15;14,52;17,75;15,74;18,95;15,66;15,62;15,48
01-01-2000 0:20;16,96;25,72;20,59;25,37;30,19;27,52;24,27;32,46;25,36;30,06;28,69;30,6;27,47;22,42;23,62;32,59;25,48;25,78;33,47;32,88;45,17;29,19;23,47;25,26;22,27;24,61;29,18;25,1;21,5;26,87;39,62;28,72;28,63;26,93;29,15;23,7;22,94;30,2;22,97;24,59;26,19;24,3;28,78;26,27;21,53;19,84;21,68;23,73;22,23;21,57;20,56;19,53;22,64;21,9;19,35;19,16;22,1;23,6;21,87;25,52;27,93;27,03;21,38;23,59;19,11;17,93;15,93;19,03;15,3;21,24;22,09;18,82;15,88;16,54;17,31;16,37;15,25;18,44;16,77;19,8;16,22;15,47;16,07
01-01-2000 0:20;23,64;32,05;24,17;30,45;28,9;23,83;24,1;29,08;34,32;32,55;32,14;26,48;26,93;27,09;25,6;30,67;26,36;34,15;32,48;28,47;49,14;27,36;25,64;23,26;22,85;23,74;28,76;28,12;23,81;26,13;30,61;30,07;30,09;28,08;27,29;27,74;26,49;29,23;29,6;24,79;25,71;29,99;28,07;25,96;21,31;20,94;21,69;23,83;21,54;20,43;23,16;19,13;21,04;23,68;20,42;21,29;21,29;23,84;21,86;25,26;27,36;26,85;22,64;22,49;18,96;19,23;16,59;19,33;15,53;21,97;21,22;19,02;17,13;16,02;18,3;17,48;16,18;18,52;17,22;19,22;16,68;16,79;16,55
01-01-2000 0:20;32,42;24,12;30,67;29,47;31,43;25,47;23,09;38,63;29,15;35,93;28,86;25,46;29;30,39;28,49;28,7;28,63;31,07;30,11;32,76;45,87;33,99;30,12;29,36;28,68;22,31;29,13;22,83;21,37;27,4;32,06;30,14;33,15;42,35;41,02;36,4;28,07;25,27;26,63;25,13;24,71;29,56;29,63;25,45;22,25;21,65;22,77;26,31;23,8;20,52;21,59;20,33;18,25;20,16;21,33;19,73;21,4;23,36;22,37;26,19;26,12;28,84;23,36;24,33;19,17;18,1;16,83;18,37;16,25;20,54;22,09;20,78;16,69;18,97;18,06;17,48;15,88;18,56;18,16;20,74;16,42;16,45;15,54
01-01-2000 0:20;19,95;29,76;31,5;26,83;26,04;29,79;28,25;39,01;34,48;33,55;33,25;27,12;25,38;29,16;24,18;24;27,8;33,93;36,73;29,41;47,11;33,42;29,35;32,05;25,08;24,03;28,3;23,89;20,18;22,3;30,88;33,43;33,85;40,05;36,34;29,12;26,02;28,23;27,83;25,67;23,83;25,5;26,84;25,58;19,77;20,16;19,18;26,01;22,13;21;22,47;19,84;20,62;20,88;20,84;18,55;22,85;22,85;22,94;26,65;27,01;27,71;22,64;24,6;20,52;18,5;15,68;18,18;15,6;19,66;21,38;19,66;16,37;17,65;18,83;15,05;15,34;18,34;18,53;21,45;17,41;16,48;16,74
01-01-2000 0:20;23,48;25,5;25,43;33,59;22,95;24,07;26,5;37,91;32,02;32,29;31,95;31,77;24,38;27,83;24,66;25,92;30,44;31,17;28,95;36,09;48,73;34,2;25,99;23,44;24,21;22,17;30,27;25;23,83;22,5;27,03;27,94;34,4;32,81;30,08;26,2;26,01;23,99;25,05;22,86;26,53;25,09;23,22;23,91;20,28;18,88;22,06;26,07;20,65;19,91;20,48;20,61;20,89;19,5;18,48;17,93;21,71;23,75;24,5;26,29;27,28;27,69;22,87;22,79;18,94;17,67;14,94;17,74;15,82;19,53;21,83;21,27;16,7;19,25;18,94;15,81;15,58;16,95;18,98;20,81;17,47;15,55;16,18
01-01-2000 0:20;24,87;24,62;30,46;33,27;27,02;21,39;29,18;27,95;26,96;30,57;31,68;21,32;27,56;21,06;26,85;25,04;30,85;30,52;27,75;32,11;48,74;28,35;24,62;25,19;21,65;21,62;30,33;23,47;24,52;23,03;24,88;27,35;27,16;29,87;26,62;27,48;26,05;26,03;25,34;24,3;25,16;24,64;26,25;21,83;21,43;21,26;21,53;24,41;22,28;20,24;20,08;20,65;21,09;19,74;19,74;18,18;23,82;25,01;22,9;25,5;27,88;28,54;23,04;23,07;18,34;16,75;16,23;16,77;16,5;18,89;21,18;20,61;17,72;19,81;19,28;15,3;16,3;17,98;19,98;19,46;17,01;16,83;16,04
01-01-2000 0:20;21,13;30,03;29,54;28,34;31,95;21,7;26,54;33,93;29,2;32,53;31,79;29,73;27,13;29,99;27,24;27,47;24,7;29,04;33,76;31,77;46,46;26,55;26,16;32,3;30,62;21,74;29,7;24,64;26,48;25,6;25,02;31,64;32,43;34,97;37,69;34,84;33,21;22,81;28,41;25,27;27,13;24,45;27,93;30,71;22,15;19,85;20,54;24,56;24,77;20,08;21,95;20,55;24,71;21,05;19,69;23,21;23,4;25,33;22,78;26,5;27,3;28,33;22,85;22,22;19,62;17,54;18,97;18,79;18,53;20,26;22,18;21,38;20,46;20,21;18,99;17,12;18,56;18,36;20,41;19,54;18,23;16,47;16,27
01-01-2000 0:20;22,21;31,14;25,42;31,36;31,6;25,69;26,02;34,25;31,59;37,42;27,99;32,24;28,55;27,85;28,73;29,25;31,67;27,44;30,61;31,51;46,45;27,26;26,15;29,74;28,78;23,04;34,66;33,89;32,02;19,02;21,27;23,48;28,03;30,61;32,83;33,8;35,42;27,17;21,85;24,11;25,95;21,44;26,12;28,29;21,43;19,42;20,25;22,88;23,37;18,98;20,23;20,28;22,58;20,2;20,12;22,34;22,56;23,27;24,06;25,5;25,06;27,19;23,34;23,29;18,2;15,57;17,11;17,54;17,4;17,78;21,84;16,55;17,45;20,84;17,34;15,54;17,25;18,72;20,3;19,86;16,39;15,91;16,19
01-01-2000 0:20;29,25;28,6;25,7;30,25;31,85;18,62;22,36;24,32;26,44;36,91;26,03;25,73;29,76;29,48;26,66;33,21;25,84;31,5;28,18;30,62;48,11;30,29;27,06;26,19;25,59;23,36;29,94;28,79;27,5;23,83;20,22;26,67;30,04;34,27;32,72;29,46;28,26;24,04;24,49;26,53;24,24;21,49;28,35;27,71;22,1;18,82;21,81;22,82;23,18;18,25;22,23;19,24;20,16;21,52;19,35;18,24;22,11;23,42;22,08;25,67;25,03;27,75;21,05;22,26;17,4;15,48;16,06;18,16;16,06;18,6;21,28;17,66;16,96;20,03;17,68;13,98;16,95;19,13;21,35;18,77;17,44;15,87;16,29
01-01-2000 0:20;27,24;29,74;29,61;31,05;33,84;26,66;22,54;26,94;28,69;34,76;31,58;28,16;24,22;34,09;37,35;32,03;26,49;31,91;26,51;31,94;49,3;28,98;26,81;22,41;18,53;25,15;29,37;25,55;25,86;19,47;22,04;27,57;27,68;32,56;31,83;27,38;25,34;21,37;24,87;29,23;27,05;22,99;24,55;26,29;31,95;21,54;21,61;26,26;23,56;20,14;22,4;22,77;21,92;23,88;22,76;19,46;25,7;22,16;24,93;25,35;24,43;26,67;19,87;22,38;18,57;17,41;17,42;18,95;18,87;19,53;21,53;19,87;18,19;19;19,58;15,76;18,57;20,27;21,51;17,85;17,23;16,01;17,06
01-01-2000 0:20;31,42;28,49;32,65;27,67;33,86;19,5;25,92;22,77;22,33;35,18;31,42;31,99;33,02;26,37;26,69;33,05;28,32;33,56;28,96;28,35;47,19;28,39;28,25;26,08;25,78;28,88;31,14;27,45;25,71;24,74;23,01;26,6;32,55;30,18;27,02;26,75;26,48;23,51;27,35;27,07;28,58;22,68;24,95;27,07;25,68;21,93;20,4;24,64;22,58;21,86;21,84;18,91;21,26;22,24;22,39;19,56;21,78;24,1;25,07;25,05;25,08;27,16;21,01;19,89;18,58;19,78;19,75;19,62;18,06;19,64;23,6;21,24;17,11;17,32;18,84;15,59;18,51;20,29;21,87;18,97;16,56;15,17;17,77
01-01-2000 0:20;23,64;26,81;31,21;29,77;31,45;26,08;23,68;36,16;31,64;32,14;33,44;33,12;27,05;27,65;27,43;30,43;33,93;36,56;30,8;29,13;48,56;31,38;29,46;24,13;29,4;23,6;30,47;23,22;19,51;19,94;26,93;25,58;30,24;28,79;25,64;27,76;24,99;31,21;31,76;24,64;26,22;23,02;26,43;24,52;23,24;22,43;21,81;24,68;22,86;20,32;22,16;18,36;20,17;23,65;19,7;18,7;21,36;23,38;21,74;25,34;23,36;26,77;20,48;19,68;17,35;17,4;17,73;17,13;17,36;18,11;23,71;22,09;19,05;14,97;18,1;15,29;18,76;19,08;21,58;20,3;16,04;15,26;17,6
01-01-2000 0:20;25,8;32,64;28,13;29,54;25,29;26,66;21,82;32,53;31,03;33,77;31,86;29,78;23,93;31,93;21,62;28,54;26,04;33,5;29,87;26,44;48,01;27,65;24,78;24,34;26,32;25,62;32,42;22,77;21,18;24,4;27,72;24,73;28,84;23,94;27,12;21,63;23,83;24,93;26,11;23,08;25,23;25,49;27,25;24,97;22,14;19,45;20,79;22,84;22,89;20,74;20,67;19,89;21,6;23,34;19,16;18,45;20,38;24,67;24,06;25,16;22,92;27,99;19,46;22,12;18,85;18,93;18,03;18,45;17,89;19,22;24,7;22,7;19,19;15,88;18,52;15,05;18,51;21;20,84;20,37;16,43;15,14;17,75
01-01-2000 0:20;22,92;32,51;22,14;31,07;23,76;27,18;25,1;23,1;27,29;31,53;37,3;31,42;24,84;34,18;27,09;24,77;25,99;28,16;31,38;33,06;48,67;29,95;29,79;28,96;24,97;24,51;31,94;27,64;24,34;23,42;26,83;33,47;37,68;35,01;24,55;26,1;22,49;23,22;21,32;28,26;25,48;22,42;24,19;23,04;19,6;18,14;23,61;23,07;22,57;19,47;23,43;20,23;19,55;22,99;21,07;17,65;20,85;26,65;25,01;25,81;23,03;27,67;20,07;19,48;16,68;17,93;19,23;17,74;16,15;17,93;22,39;22,8;20,07;15,54;19,13;15,27;17,28;20,25;21,27;20,86;15,64;15,09;16,01
01-01-2000 0:20;30,99;31,05;23,36;30,35;29,72;16,83;24,32;35,02;26,78;33,2;34,58;31,47;22,63;33,59;23,71;28,5;24,38;29,2;28,89;42,71;47,17;33,66;27,98;28,37;26,36;28,02;28,69;25,57;22,88;26,21;21,99;35,81;38,96;30,95;25,72;23,25;27,7;24,93;27,14;27,42;27,46;23,86;27,65;25,61;23,36;19,39;19,32;22,78;24,1;20,49;19,72;21,43;19,54;21,78;19,89;19,22;21,73;25,7;23,73;25,53;23,93;27,84;19,07;19,95;16,02;18,88;18,19;16,3;15,74;18,03;22,38;22,01;18,18;15,94;18,23;15,61;17,79;19,2;20,36;21,11;15,48;14,67;16,48
01-01-2000 0:20;21,39;28,33;24,97;27,25;28,55;30,99;25,49;34,51;33,36;36,15;35,79;27,72;25,82;26,88;29,41;27,82;28,61;33,36;32,52;34,4;48,61;33,21;25,83;25,44;26;22,97;28,29;23,54;25,7;24,69;25,31;33,72;32,49;29,51;27,99;30,65;21,97;22,76;27,27;27,14;24,76;23,17;25,37;24,57;23,31;21;20,87;24,84;21,84;18,67;21,36;20,53;19,65;20,93;21,89;19,62;20,02;25,52;24,91;25,12;20,45;27,47;19,14;20,43;18,39;18,19;17,93;17,18;15,43;19,09;23;22,21;17,63;16,78;18,5;15,02;17,21;20,14;20,14;20,8;16,68;15,91;16,04
01-01-2000 0:20;23,97;23,4;21,32;30,28;31,03;25,76;27,65;27,3;26,03;36,27;34,12;14,92;29,66;29,45;26,85;25,07;24,45;30,11;28,86;32,35;46,54;34,28;30,97;25,88;24,85;24,82;29,66;24;18;22,14;23,65;34,68;33,57;27,6;23,72;27,39;21,62;21,8;27,77;25,9;22,66;26,45;25,18;24,13;22,75;19,72;20,72;22,66;22,12;19,48;23,39;20,75;22,08;23,47;20,37;21,06;22,35;25,47;24,54;26,8;19,62;26,57;19,91;19,61;16,73;17,83;17,02;17,39;15,8;18,35;22,9;21,75;18,58;17,61;18,76;15,52;17,23;20,09;19,74;20,36;15,82;15,1;17,2
01-01-2000 0:20;27,53;33,69;32,9;34,4;31,67;27,11;20,48;34,3;29,66;31,71;34,13;30,08;30,78;25,48;29,58;24,79;26,91;43,07;37,5;36,2;44,83;27,29;25,3;25,24;26,21;25,02;31,7;23,46;21,83;27;28,46;37,22;32,09;27,14;26,51;26,13;27,29;25,9;33,46;29,18;26,54;24,28;24;25,72;23,27;19,18;19,7;25,51;23,91;20,25;21,87;21,49;22,14;23,17;21;22,17;23,01;24,91;24,64;26,21;23,65;28,03;21,54;19,9;19,87;21,3;19,26;19,74;17,39;18,72;23,98;22,24;19,46;17,72;18,87;16,83;17,38;20,1;20,8;20,87;16,35;15,61;16,99
01-01-2000 0:20;30,01;18,79;22,25;29,99;25,67;31,23;19,75;28,63;32,16;35,94;28,22;28,84;31,16;27,03;22,85;28,87;25,33;36,41;32,55;35,43;46,22;30,16;27,82;25,07;23,72;23,94;28,3;24,68;24,66;30,2;25,58;32,76;31,78;25,39;25,62;26,09;25,37;23,83;23,21;25,9;24,88;24,97;27,07;24,84;21,31;19,22;23;23,13;24,31;20,78;20,53;20,97;20,58;23,18;22,33;19,4;21,97;26,98;25,47;27,28;19,4;27,7;21,3;21,04;18,27;19,08;18,57;17,59;17,21;19,46;23,06;22,85;19,15;18,33;18,67;16,06;17,23;20,83;19,41;20,97;17,23;15,62;16,85
01-01-2000 0:20;28,46;33,48;23,34;31,75;32,01;25,9;27,94;32,96;29,96;39,28;32,41;32,73;27,46;30,31;27,45;34,97;26,93;32,49;41,16;39,55;46,38;33,08;28,47;30,58;27,1;25,1;30,93;23,84;25,8;25,41;29,84;35,65;27,98;29;33,51;28,64;22,87;24,98;22,48;28,8;29,08;25,83;29,67;25,09;24,05;21,68;24,78;24,77;23,15;22,27;22,74;23,11;22,22;21,83;21,93;20,23;23,75;26,74;26,68;27,61;21,9;27,24;21,61;19,69;20,11;19,86;19,05;18,51;17,92;20,79;24,12;22,45;19,78;18,84;19,76;16,52;18,26;21,07;19,24;20,3;17,61;15,67;17,23
01-01-2000 0:20;24,79;27,18;29,96;28,53;20,92;19,33;26,09;27,63;29,47;36,26;31,2;28,79;31,3;33,66;27,65;29,6;26,79;28,8;35,09;30,45;49,66;30,26;24,88;26,98;25,14;22,7;30,81;26,22;24,22;31,76;33,57;33,38;32,29;28,99;27,96;24,97;25,38;32,33;24,82;28,94;27,63;25,53;29,66;24,93;19,77;22,35;23,22;23,93;23,7;20,86;20,73;22,27;23,2;25,29;25,81;24,7;23,79;25,75;26,67;26,97;23,07;28,95;24,89;25,26;24,86;21,55;23,7;21,22;21,89;25,19;24,07;26,67;21,86;20,55;22,91;20,26;20,14;22,68;20,28;20,55;17,84;16,53;17,91
01-01-2000 0:20;25,09;25,5;27,45;31,12;31,27;15,46;24,72;30,15;30,06;34,32;37,18;32,76;32,98;32,47;32,23;32,63;26,28;31,26;29,25;31,76;49,19;30,39;28,6;28,57;27,13;23,28;29,69;21,8;23,48;28,86;28,42;27,29;30,51;31,27;25,87;26,88;19,8;22,4;27,09;25,11;28,59;24,73;25,72;24,04;19,7;17,27;23,79;25,88;23,45;22,55;20,9;20,36;24,08;23,9;18,32;20,29;21,38;26,33;25,61;25,94;24,09;27,78;19,91;18,82;18,07;19,11;18,62;17,82;16,77;20,04;23,5;22,14;19,65;17,4;19,5;16,04;18,63;21,71;18,99;21,2;17,97;16,69;17,93
01-01-2000 0:20;19,11;25,38;23,68;24,53;26,7;14,6;21,84;30,42;33,37;35,47;33,96;32,86;31,03;34,41;29,02;30,74;28,12;33,2;33,39;33,14;48,13;28,79;32,78;29,28;30,11;22,71;30,92;24,84;23,57;27,16;26,01;32,91;29,83;28,75;29,44;25,85;23,34;21,57;28,21;25,85;27,31;25,92;24,87;25,49;21,98;20,12;21,07;26,96;20,7;20,86;20,85;17,95;21;22,83;19,26;20,29;20,39;25,91;26,46;27,53;22,41;27,66;18,93;20,71;17,77;19,1;19,57;17,95;16,57;20,88;22,63;21,67;19,23;18,03;18,87;16,24;18,14;21,18;18,08;20,28;18,44;15,73;17,44
01-01-2000 0:20;27,25;25,07;26,37;22,11;24,38;25,26;28,01;38,11;34,23;35,73;34,28;28,55;28,57;27,09;23,6;28,79;27,35;35,98;35,84;31,85;46,82;30,93;30,69;26,95;24,14;25,35;31,03;29,76;24,33;27,8;28,51;28,97;29,92;26,03;26,55;24,62;23,8;23,69;25,43;25,36;26,91;25,88;25,74;23,66;21,87;22,62;23,96;25,72;25,18;21,7;22,41;23,54;22,22;23,67;21,65;19,86;22,1;25,47;27,54;27,21;23,07;28,68;21,71;19,98;19,42;21,46;20,77;21,85;19,91;22,33;24,37;22,51;20,94;20,39;19,96;18,69;19,54;22,3;18,96;21,95;20,38;18,19;19,22
01-01-2000 0:20;31,29;30,27;29,53;26,95;26,58;24,17;27,23;27,53;31,74;32,93;27,43;27,23;32,14;29,03;33,35;32,22;22,96;29,88;33,44;30,25;49,1;23,4;27,86;27,39;22;20,85;27,9;23,71;23,7;25,78;27,82;28,75;29,11;27,75;21,94;27,51;25,25;21,4;22,19;23,81;27,16;24,62;26,97;27,58;25,87;25,05;23,79;23,93;24,53;23,91;22,09;22,14;22,38;24,47;22,92;19,82;22,41;24,91;26,07;28,44;22,85;27,27;22,27;21,89;19,26;20,47;18,72;19,42;19,5;20,28;24,12;21,68;18,47;18,62;19,69;17,33;18,89;21,95;18,45;21,76;18,79;16,48;17,86
01-01-2000 0:21;33,01;32,31;29,43;26,87;31,89;19,76;24,49;32,38;32,32;35,99;28,96;26,57;29,68;32,61;27,7;26,47;25,04;30,52;34,07;25,02;50,32;32,55;30,61;27,56;25,18;23,85;29,68;20,85;19,81;21,19;23,66;24,36;30,28;27,99;22,04;25,15;21,45;24,14;28,39;25,88;25,32;25,89;26,8;25,42;22,24;24,13;22,98;24,84;23,49;21,94;20,74;21,19;25,41;23,92;22,28;20,96;23,23;24,13;26,74;26,17;20,54;27,48;21,63;21,38;19,1;19,67;19,63;20,05;18,38;20,91;21,75;22,08;17,44;17,63;19,79;15,96;18,49;22,25;19,75;19,78;18,19;16,11;17,83
01-01-2000 0:21;26,27;30,13;27,61;26,54;22,78;26,65;30,77;31,96;33,54;34,87;29,7;25,26;24,49;32,19;26,99;30,76;26,22;29,16;32,21;27,78;50,11;28,32;31,33;26,41;26,88;27,85;28,69;32,21;27,01;20,31;23,13;24,69;26,84;27,72;27,76;26,96;22,8;25,75;25,06;25,5;26,24;22,63;26,01;24,72;21,84;20,72;23,86;25,08;23,33;22,82;20,87;21,18;20,91;22,53;21,18;19,84;24,63;24,77;26,55;25,42;22,45;26,3;21,09;22,47;19,92;20,72;19,65;19,62;18,17;19,86;23,44;21,69;17,89;17,58;18,59;18,23;18,55;20,13;18,91;20,74;18,37;16,51;18,04
01-01-2000 0:21;28,55;30,04;30,82;30,35;31,3;27,95;17,22;19,78;30,83;37,61;28,27;28,46;27,46;26,28;26,34;29,86;32,01;29,96;26,82;34,33;51,24;30,13;30,5;24,03;23,02;24,01;29,82;29,1;28,97;22,19;23,76;25,43;24,84;26,09;26,21;24,97;22,23;23,5;25,32;27,05;24,81;25,55;24,79;23,07;20,24;21,39;20,09;23,33;23,03;20,05;20,78;19,25;20,49;22,12;19,27;18,07;21,29;26,65;26,5;26,26;20,11;27,05;20,95;22,11;18,95;18,35;18,46;17,67;19,52;19,3;23,53;22,16;17,64;15,35;19,46;15,8;18,54;19,95;19,54;20,44;17,56;16,66;17,72
01-01-2000 0:21;20,11;32,01;28,89;33,65;30,19;25,19;25,21;30,63;29,7;35,94;35,5;27,53;31,67;29,59;27,75;29,97;27,41;29,68;21,45;32,12;48,27;29,67;21,3;20,62;25,98;26,21;29,42;23,54;24,94;26,67;25,22;27,45;30,74;28,94;30,71;26,25;26,72;22,54;22,23;26,99;27,96;23,24;25,54;22,86;21,07;19,24;22,57;24,44;21,05;19,85;20,05;20,48;21,01;22,11;21,26;21,27;22,68;25,6;27,31;24,88;20,66;26,46;21,03;21,58;19;17,66;17,86;17,78;15,31;19,39;23,27;21,14;19,09;16;17,62;16,15;18,95;21,84;18,47;19,32;18,85;17,31;17,63
01-01-2000 0:21;28,63;39,24;32,09;34,99;24,81;24,5;24,99;24,99;32,64;39,18;30,55;26,39;29,66;29,79;28,78;29,82;25,26;30,8;32,68;32,88;46,71;27,09;23,89;25,66;24,79;25,64;29,91;26,63;25,06;25,67;27,2;30,43;35,62;26,23;31,82;25,91;23,24;25,9;23,2;25,67;24,31;21,68;24,76;22,65;21,76;20,48;20,56;25,29;23,68;21,74;22,66;20,06;22,42;21,84;20,43;20,38;20,57;26,38;26,86;24,2;21,59;25,62;22,09;21,72;17,69;19,93;17,32;17,72;15,62;18,62;22,45;20,71;20,01;17,22;17,9;17,22;17,62;20,24;17,44;19,58;18,41;16,91;17,97
01-01-2000 0:21;26,24;25,48;29,02;26,23;27,34;24,34;29,57;29,68;30,46;34,54;29,08;27,85;31,07;28,08;25,24;26,4;24,11;31,88;29,22;28,27;49,33;26,67;24,72;25,5;25,87;26,76;29,95;21,74;20,98;21,94;24,72;30,07;31,74;27,8;26,45;24,17;24,42;20,45;22,4;22,42;25,7;22,98;25,12;22,94;20,91;22,71;22,44;23,33;22,47;22,04;22,46;21,49;22,93;22,54;19,28;19,82;22,14;27,63;25,81;24,67;19,68;25,03;20,98;20,23;18,71;19,53;17,38;17,69;16,4;18,43;23,3;20,6;20,1;19,25;17,46;16,15;18,6;20,13;17,67;19,34;18,98;17;17,6
01-01-2000 0:21;27,47;33,72;31,35;30,61;33,82;15,08;18,81;33,5;32,53;31,08;28;26,8;30,32;33,33;24,01;28,65;21,16;25,55;27,05;30,36;49,72;21,63;24,36;24,56;28,07;25,46;29,29;24,13;25,01;23,62;26,28;30,67;28,03;27,59;24,69;24,54;20,17;23,34;21,68;24,97;26,03;24,08;21,51;22,92;21,25;18,68;21,22;23,3;22,03;21,16;20,34;18,86;21,62;23,93;20,01;21,58;21,99;27,14;24,8;23,76;19,17;25,58;19,86;19,42;17;18,64;16,76;16,58;14,7;18,17;22,9;20,67;20,44;17,43;17,88;15,64;15,6;18,74;15,97;18,66;17,79;15,44;16,92
01-01-2000 0:21;25,92;34,53;30,23;19,39;28,49;24,8;23,86;27,72;28,46;33,27;30,02;25,08;27,97;25,38;31,13;34,7;28;28,69;26,91;29,19;49,16;22,17;27,04;25,16;31,09;27,68;29,48;25,42;25,3;28,08;23,09;25,95;30,08;27,07;25,44;29,49;32,64;25,95;25,14;26,68;26,64;24,31;25,12;26,8;20,2;20,16;22,05;23,63;26,24;18,56;18,21;19,74;20,81;23,43;17,32;20,6;23,29;25,92;25,57;26,56;18,84;26,25;21,41;19,35;14,7;18,63;17,06;16,35;15,38;17,8;23,01;21,83;18,47;15,8;18,68;15,49;16,31;20,36;18,17;19,87;17,7;14,79;15,63
01-01-2000 0:21;25,66;27,7;26,66;33,82;34,42;26,07;27,02;34,71;27,55;37,56;27,02;24,92;27,49;31,35;28,58;31,75;29,96;30,5;29,99;34,28;48,08;30,13;24,71;27,42;22,93;22,85;30,41;24,05;24,27;26,32;21,95;34,9;34,62;27,68;24,63;25,55;30,2;21,03;23,01;24,5;22,88;23,94;21,6;24,78;19,24;19,76;19,23;25,23;24,8;18,63;18,96;18,68;19,13;23,09;17,98;17,49;20,35;24,2;24,9;26,65;20,74;25,4;21,15;18,98;14,6;18,34;16,92;15,89;14,32;15,41;22,56;21,5;16,42;15,29;19,68;13,68;16,68;19,9;19,41;20,54;16,33;13,94;15,33
01-01-2000 0:21;30,94;30,91;24,01;34,96;29,19;26,06;28,76;30,96;24,01;31,04;35,84;28,24;26,53;26,22;23,05;25,92;28,28;31,6;29,93;28,97;48,97;30,09;28,11;26,26;24,25;22,06;29,29;27,15;21,71;22,34;24,21;31,25;34,33;30,84;32,06;33,45;26,65;21,55;23,37;25,11;23,36;21,71;25,47;21,99;21,23;20,91;22,92;23,62;23,12;20,31;20,52;21,6;22,58;23,42;20,77;23,64;25,47;26,65;26,54;26,31;25,04;25,75;23,97;21,72;19,02;19,93;16,88;17,95;17,33;17,01;23,08;22,96;18,35;16;19,97;16,12;16,98;19,6;21,02;21,11;16,79;15,86;17,84
01-01-2000 0:21;26,96;29,43;33,58;28,75;22,8;31,61;25,35;36,99;33,75;30,63;32,91;25,3;26,66;30,2;25,98;32,33;27,48;31,46;31,69;29,93;51,43;28,51;29,57;25,95;24,1;20,82;30,3;31,14;22,96;17,28;25,07;24,49;26,96;25,68;29,89;28,41;25,91;23,48;23,55;23,43;25,82;23,54;26,36;25,99;24,72;23,39;26,58;27,77;26,13;23,32;25,06;25,65;26,64;28,25;27,13;27,13;25,36;25,9;27,29;27,86;28,21;27,77;26,45;24,81;24,5;24,55;23;23,65;23,54;21,54;24,49;24,3;21,84;20,69;21,42;19,63;20,06;20,98;23,1;22,14;17,67;16,85;16,83
01-01-2000 0:21;22,3;30,67;27,27;32,94;30,15;28,64;23,56;28,1;26,01;32,02;25,82;24,98;33,23;31,03;22,43;26,84;24,96;31,88;31,78;24,1;46,91;26,8;25,19;26,97;21,19;23,76;28;25;21,3;21,45;24,26;28,63;28,97;25,82;26,47;23,8;24,07;24,43;22,51;27,6;26,39;23,43;27,36;24,18;20,86;19,18;21,72;23,96;22,71;20,22;23,16;20,13;21,6;22,42;20,86;20,09;23,33;24,69;26,11;24,17;24,77;27,48;22,51;23,61;18,32;19,88;18,02;18,21;18,76;20,73;22,96;21,7;16,79;17,51;19,66;15,17;16,23;19,18;22,3;21,54;15,65;14,62;15,86
01-01-2000 0:21;27,6;32,59;21,79;30,66;33,51;22,75;22,71;35,31;29,49;28,01;34,96;29,58;31,34;28,39;30,1;25,12;25,56;31,06;32,99;34,27;47,59;28,73;29,86;28,64;22,67;25,4;29,55;30,03;25,28;22,31;26,92;31,57;31,89;28,19;28,07;24,32;25,28;28,87;26,6;25,26;27,57;26,47;25,97;23,86;24,62;24,64;26,26;25,5;29,59;29,11;27,6;26,8;23,84;26,31;27,03;25,48;28,26;27,57;28,76;29,41;29,24;31,21;27,43;26,61;23,17;26,04;23,4;25,92;23,52;26,51;27,3;27,75;27,07;29,64;28,35;27,03;26,51;26,1;25,36;24,82;23,81;23,99;24,62
01-01-2000 0:21;28,22;29,81;32;28,31;28,78;27,38;32,49;33,16;31,81;30,4;28,52;28,75;29,45;32,82;26,59;28,64;26,58;30,9;31,75;29,35;49,53;31,19;29,52;27,87;23,41;26,05;28,08;26,34;22,89;20,69;26,89;24,22;25,91;26,06;27,76;23,12;26,16;26,86;27,86;26,56;28,28;26,81;30,62;29,29;22,43;22,49;21,91;24,27;25,31;22,03;23,93;24,65;23,95;23,82;22,85;23,02;24,28;25,71;27,62;25,91;26,06;28,55;24,65;24,49;22,65;20,95;21,64;20,68;21,68;21,1;25,97;22,05;21,88;22,24;22,86;19,15;19,51;20,35;22,45;21,27;18,64;18,21;18,51
01-01-2000 0:21;25,2;27,32;30,16;26,65;33,39;13,13;26,41;27,05;27,67;35,89;33,2;29,06;31,39;27,12;22,5;21,23;28,13;24,56;32,57;32,02;47,59;29,89;25,51;22,4;23,75;26,4;27,18;22,79;24,72;25,43;25,84;22,36;28,57;25,12;25,76;22,96;22,29;24,1;23,35;27,01;25,54;25,7;24,95;27,72;21,95;21,24;21,56;22,04;25,9;23,1;22,74;22,36;26,46;25,62;23,43;20,1;23,62;25,56;28,93;26,86;26,68;28,15;23,85;24,33;20,33;21,36;19,39;20,28;19,41;20,62;24,16;22,32;22,95;21,35;20,74;19,73;18,58;20;21,66;22,43;19,1;18,5;18,93
01-01-2000 0:21;22,81;29,92;24,92;33,56;33,8;23,33;25,25;34,23;30,42;36,25;31;24,43;23,87;34,15;26,43;25,55;26,37;27,61;34,72;29,14;44,33;31,38;29,38;23,43;30,41;26,72;30,56;22,28;24,76;23,73;23,96;28,28;29,48;23,36;22,82;23,25;24,29;25,53;26;24,55;23,81;24,16;22,39;27,94;23,98;22,01;20,5;25,56;23,31;22,72;19,99;19,51;21,76;22,39;18,71;19,15;21,78;25,06;27,98;25,05;27,47;27,43;21,04;22,87;20,03;18,2;17,35;20,48;18,15;19,8;23,64;20,01;19,09;19,43;19,21;16,62;17,3;19,19;20;19,97;18,56;17,69;16,35
01-01-2000 0:21;32,44;31,79;25,26;31,5;33,92;24,58;30,19;22,97;26,55;33,54;30,87;27,08;28,98;31,06;31,25;30,62;34,83;29,05;35,41;35,14;46,16;31,49;28,14;29,39;26,32;29,31;28,36;24,02;24,67;22,66;20,47;27,14;29,03;27,15;33,03;24,11;27,65;26,25;22,32;24,6;28,23;26,38;25,95;24,57;20,16;21,17;20,51;23,39;23,4;19,55;21,79;18,51;20,66;21,67;21,53;19,57;22,71;23,72;27,63;26,02;27,02;27,76;22,43;21,81;19,64;17,62;17,57;18,99;17,7;19,78;22,21;18,98;17,36;18,77;17,48;16,93;16,66;19,02;19,78;20,08;17,3;16,66;15,15
01-01-2000 0:21;19,22;23,36;26,79;27,08;36,31;25,35;25,18;25,15;28,51;34,26;35,15;30,14;31,15;26,97;23,89;30,71;25,11;32,4;33,01;31,54;48,27;28,4;26,98;33,53;25,17;29,38;29,48;24,4;24,56;21,68;28,36;27,07;27,78;27,34;28,43;27,05;21,94;25,22;26,59;27,54;30,07;26,39;26,36;27,92;25,35;25,2;24,43;26,74;23,9;21,96;23,45;21,12;21,26;21,6;22,32;22,43;24,09;23,28;28;25,37;27,35;28,63;23,77;22,56;20,8;18,78;20,3;19,71;18,88;21,16;22,11;20,08;18,79;20,12;18,75;17,17;17,18;20,35;19,79;20,87;18,95;18;16,3
01-01-2000 0:21;28,98;32,24;24,67;28,34;27,68;26,25;26,49;31,46;29,44;35,68;31,74;22,93;30,37;29,22;32,06;27,98;27,07;25,44;35,84;32,75;49,81;26,1;27,7;27,71;24,03;25,5;30,04;23,21;19,57;21,58;27,14;24,24;28,88;25,84;25,41;23,79;21,19;23,83;23,72;26,88;27,74;26,21;25,23;23,96;24,08;21,16;20,92;25,1;23,83;20,19;20,53;21,93;20,9;21,41;22,13;20,89;22,77;25,52;28,86;25,73;28,2;28,33;24,24;23,77;20,53;21,07;20,14;21,98;21,51;21,62;23,18;21,48;19,13;20,62;19,1;17,31;16,66;19,54;19,63;21,23;18,56;18,51;17,63
01-01-2000 0:21;13,14;26,51;27,43;27,65;29,71;22,32;28,2;33,39;31,41;33,07;28,8;28,53;31,46;32,79;28,93;22,05;27,54;33,45;33,85;29,85;49,28;31,84;30,59;25,58;26,88;24,57;30,22;27,49;22,97;36,68;31,59;29,55;30,66;26,67;27,58;22,09;28,47;25,73;23,85;26,19;24,96;23,72;26,16;24,29;25,48;22,61;22,35;23,81;22,98;23,4;23,36;23,46;22,92;23,6;22,46;21,21;24,18;24,39;28,13;25,57;27,26;28,62;24,85;24,43;22,99;20,29;19,23;21,8;21,16;23,34;23,13;21,91;21,35;21,26;19,28;17,56;16,14;19,54;19,49;21,54;18,6;17,94;16,87
01-01-2000 0:21;19,34;25,63;30,55;29,41;31,66;21,32;26,99;24,21;25,26;30,99;33,3;26,54;30,39;30,43;28,59;22,73;20,84;34,91;32,95;27,08;47,72;30,35;22,58;25,38;25,22;24,93;26,73;22,32;25,91;28,17;28,89;29,49;30,43;26,34;25,76;24,79;24,71;21,94;23,94;23,8;24,1;23,93;23,48;23,37;22,99;21,57;23,13;24,89;23,36;22,37;22,96;22,33;21,48;21,93;21,19;22,24;26,21;24,54;26,6;24,76;27,12;28,45;24,54;24,12;20,98;20,04;19,64;22,36;19,89;24,71;22,42;19,61;18,53;20,05;18,93;16,89;17,46;18,64;18,81;21;18,18;17,94;15,67
01-01-2000 0:21;16,68;24,65;21,32;27,18;25,17;21,59;24,85;31,34;28,73;33,49;30,14;28,23;28,97;29,85;20,5;27,04;26,49;35,8;27,44;33,3;49,3;32,23;27,08;23,76;19,79;24,35;28,26;26,44;25,51;29,15;24,15;23,74;32,17;23,91;25,99;28,63;22,95;22,66;23,81;24,36;25,8;22,22;26,25;24,84;23,16;20,45;24,66;25,22;25,18;19,56;21,92;20,68;22,8;21,71;20,54;18,59;24,3;25,6;24,08;23,74;29,15;27,72;22,98;22,93;18,7;18,47;19;20,68;19,03;21,97;21,11;19,7;17,36;19,49;18,62;16,73;17,2;18,89;18,44;21,12;17,19;17,97;16
01-01-2000 0:21;30,27;31,02;27,47;32,64;31,4;27,69;26,16;27,91;30,76;32,27;36,16;33,71;28,52;28,06;28,11;30,16;25,78;32,28;31,05;35,38;48,72;30,8;31,39;30,44;23,42;26,6;30,98;27,18;26,56;23,6;26,96;28,08;30,96;28,53;30,01;24,44;22,71;22,4;23,38;26,08;32,75;29,02;25,22;24,83;22,55;21,87;23,35;25,2;22,33;22,44;23,52;21,12;22,24;23,18;19,96;20,71;22,24;23;25,29;23,93;27,59;27,86;22,84;22,93;19,27;19,76;17,86;20,06;18,91;21,95;20,75;19,85;17,11;20,39;18,9;17,99;17,37;19,41;19,21;21,29;18,84;18,6;16,87
01-01-2000 0:21;18,44;37,97;34,5;31,02;30,69;26,49;20,98;30,08;31,37;33,58;32,56;28,06;28,85;30,37;25,41;30,85;25,99;26,8;30,13;34,12;50,65;30,63;27,3;28;25,18;19,55;29,07;24,4;20,6;17,16;24,49;31,75;28,68;30,89;26,84;24,45;22,72;21,96;25,6;30,17;29;26,24;26,16;24,16;20,71;19,99;22,61;24,77;21,23;21,68;22,88;21,92;20,18;21,91;19,02;19,79;23,07;24,28;25,76;23,89;26,53;27,87;22,52;23,83;17,39;17,08;17,02;19,44;17,44;19,79;20,29;20,04;16,83;20,06;17,69;14,6;15,19;15,84;18,54;20,08;17,64;16,05;16,37
01-01-2000 0:21;30;21,62;31,9;31,27;27,51;28,12;28,85;34,89;33,57;37,09;32,55;31,27;29,71;29,15;24,73;28,09;25,32;31,33;31,29;33,18;51,12;31,1;31,57;25,03;25,31;23,15;29,47;25,56;22,33;21,47;19,74;25,68;30,17;29,66;30,8;25,35;23,05;23,18;26,26;27,97;25,59;23,15;25,88;24,42;22,19;19,94;21,51;25,88;22,59;22,27;19,58;19,73;19,61;21,04;19,53;19,31;22,7;23,56;26,92;25,85;25,64;27,97;22,62;22,47;18,64;18,88;17,52;20,57;18,54;18,47;22,82;20,43;18,53;20,47;19,37;16,94;17,95;18,92;20,89;23,17;17,97;17,85;18,34
01-01-2000 0:21;24,89;28,92;16,91;29,89;31,43;29,41;26,79;33,19;31,24;30,99;30,79;30,79;26,7;34,18;32,09;32,85;25,77;35,23;33,21;29,29;50,08;31,51;26,79;27,74;26,1;20,81;29,37;24,66;23,82;23,57;23,85;25,82;31,13;27,71;32,86;25,4;19,74;21,31;27,69;27,2;26,06;21,84;24,71;24,31;20,75;21,03;21,44;25,93;22,18;21,45;21,21;21,38;18,64;20,39;19,25;20,72;22,84;23,48;28,56;23,41;25,21;28,46;21,44;23,33;18,38;17,54;17,34;19,68;18,34;18,8;22,21;19,31;16,91;21,04;16,13;15,58;16,4;18,41;19,58;19,83;17,71;16,26;16,87
01-01-2000 0:21;26,61;23,49;30,87;23,4;29,1;21,98;21,3;28,06;23,97;34,32;25,32;26,48;27,74;27,34;28,43;33,42;27,75;30,57;30,39;28,59;48,87;29,24;24,36;24,03;24,51;22,65;28,65;27,75;29,12;29,94;24,33;24,5;29;25,52;30,23;23,7;21,45;22,96;23,55;23,34;25,59;20,48;24,47;21,98;22,36;20,45;18,86;21,09;23,15;20,19;20,49;20,1;19,51;20,37;20,42;16,75;22,05;24,05;27,54;25,15;24,15;29,01;22,59;24,8;17,74;18,84;17,49;20,28;17,43;18,52;21,7;17,27;17,46;20,12;18,53;18,77;18,61;19,17;21,17;21,61;18,18;16,89;18,02
01-01-2000 0:21;30,74;30,79;31,99;34,48;29,14;22,92;23,28;31,96;33;31,94;33,11;29,33;24,37;29,92;27,5;33,45;27,47;32,1;29,59;30,46;48,72;31,13;32,07;26,67;23,12;23,83;29,95;27,05;27,73;28,9;27,08;28,24;32,46;27,81;28,37;24,97;28,95;26,49;27;24,38;24,89;26,43;25,82;24,85;22,13;24,16;25,81;25,29;24,51;27,02;25,29;22,99;26,09;22,81;25,41;22,58;24,44;24,41;28,33;25,79;26,25;28,01;22,54;23,32;18,72;16,51;17,5;18,76;18,41;18,33;22,33;18,58;15,53;20,85;17,24;15,66;16,96;17,92;19,95;19,53;17,68;16,15;16,24
01-01-2000 0:21;24,31;25,38;24,93;35,62;32,87;24,49;22,74;21,17;30,17;33,06;26,61;28,15;28,95;22,09;25,32;30,62;27,08;27,56;28,93;28,88;50,39;29,16;24,59;24,08;23,98;23;30,25;25,21;28,06;27,97;24,63;26,53;30,8;26,76;26,79;24,5;24,56;23,19;24,92;25,13;25,45;24,45;24,31;24,23;19,36;19,35;22,07;23,34;23,95;22,55;21;19,89;23,32;22,03;20,19;20,26;24,31;24,79;26,45;24,39;24,34;27,59;20,91;24,47;18,67;19,05;17,54;19,53;19,38;19,86;21,77;20,59;19,11;21,35;19,48;18,57;20,15;19,26;22,93;20,7;19,81;18,19;18,75
01-01-2000 0:21;21,87;24,03;31,11;26,3;32,69;32;19,42;33,29;31,42;36,88;31;29,86;27,81;28,06;27,15;29,22;23,95;32,15;29,04;29,29;48,77;27,17;27,85;24,5;20,11;24,83;28,51;24,6;20,36;20,78;23,96;27,49;30,28;24,5;25,25;24,85;25,48;25,9;22,33;26,9;26,73;26,79;25,44;24,88;21,77;24,08;23,93;25,53;22,16;18,79;22,07;19,54;21,22;21,55;19,73;20,6;23,09;25,45;26,13;25,73;25,18;28,59;20,59;23,4;18,94;19,52;19,27;19,62;18,57;19,83;22,62;20,59;18,27;21,13;20,27;17,64;18,8;19,29;22,96;20,43;20;18,8;18,3
01-01-2000 0:21;23,2;22,7;29,42;33,84;31,52;30,6;28,15;35,83;33,06;31,97;33,03;34,39;29,94;31,37;27,64;27,49;30,1;26,6;27,16;25,95;46,29;27,53;29,17;26,41;20,53;28,78;31,06;25,91;21,12;23,58;23,47;26,26;28,86;25,97;27,9;26,47;24,34;26,12;27,73;28,63;26,1;26,04;27,5;22,2;21,66;23,61;22,4;27,7;23,85;21,98;19,5;22,45;24,2;23,36;20,79;20,53;24,87;24,71;26,6;25,74;23,92;27,95;22,22;23,93;16,57;17,42;18;18,56;17,22;19,74;21,98;19,95;16,34;18,18;18,62;16,33;16,35;17,71;21,52;18,81;16,49;17,03;17,02
01-01-2000 0:21;29,29;27,38;33,48;36,26;34,47;20,19;27,2;31,75;30,22;37,89;29,6;32,75;29,75;26,73;30,42;23,84;23,57;28,73;28,49;31,39;46,58;26,02;25,53;25,34;23,93;18,34;28,78;27,59;21,55;22,05;19,82;24,17;30,54;27,66;26,6;22,77;22,39;23,16;23,97;27,82;28,28;25,83;25,26;26,47;25,31;28,44;30,41;26,43;28,2;25,98;25,57;23,89;24,3;26,14;26,05;27,42;23,88;26,19;27,12;24,38;25,11;28,87;23,55;25,47;20,08;20,8;21,36;21,79;23,35;23,85;24,5;23,29;20,69;22,13;23,28;19,42;20,01;22,53;23,71;22,32;20,29;21,45;19,04
01-01-2000 0:21;25,62;28,48;39,65;38,96;31,24;25,12;29,44;26,79;30,65;29,53;30,31;25,2;29,7;28,56;30,07;26,62;25,59;28,63;31,58;33,28;45,76;28,43;24,99;24,58;22,48;26,22;29,86;30,09;26,8;24,74;25,88;25,62;32,16;27,04;26,75;28,14;23,3;23,03;23,33;23,82;24,97;24,63;24,23;25,36;20,84;22,98;24,52;26,34;21,96;20,42;23,26;21,97;22,93;25,19;21,26;21,49;23,76;24,01;26,75;22,82;23,86;27,22;22,95;22,93;18,91;17,55;18,34;16,95;18,79;20,88;23,93;23,93;21,92;21,52;21,12;19,63;19,9;21,85;22,73;21,97;18,21;19,49;19,8
01-01-2000 0:21;20,45;34,46;29,79;36,77;32,2;23,43;28,45;32,39;32,4;36,42;34;30,63;34,65;29,11;26,2;30,3;24,85;23,03;28,41;23,51;49,48;25,48;22,89;24,96;23,78;24,42;28,95;25,34;25,62;21,85;26,45;29,07;30,26;29,07;25,68;25,48;23,01;24,18;30,23;27,53;28,37;28,69;26,47;23,38;23,96;21,15;20,9;26,45;21,8;19,48;21,67;22,37;23,24;24,41;21,11;20,92;23,62;25,39;26,94;24,49;23,76;24,18;21,2;22,24;19,21;17,86;19,63;17,82;17,06;18,97;24,49;22,35;18,56;18,03;19,11;16,62;18,18;21,51;21,56;22,5;17,24;17,19;17,42
01-01-2000 0:21;25,03;30,92;31,08;35,52;30,57;24,54;21,79;32,46;30,49;39,65;34,5;27,4;30,82;32,56;24,88;32,96;27,51;36,54;34,37;33,92;50,58;33,09;33,08;31,61;27,11;26,67;28,03;25,63;23,6;21,59;26,44;29,64;31,54;29,7;25,22;24,06;24,99;24,13;25,61;27,76;25,56;25,19;27,08;25,34;23,43;19,21;22,13;25,01;21,17;21,61;22,56;22,45;19,93;23,55;21,5;20,42;22,06;25,25;27,84;25,74;23,79;23,29;22,28;20,97;17,27;19,17;18,75;18,54;16,76;18,95;23,75;22,92;19,71;18,38;19,58;17,26;17,17;21,9;21,01;21;17,91;16,48;17,03
01-01-2000 0:21;24,07;31,1;25,9;33,23;27,47;28,16;22,56;29,58;31,12;35,59;26,56;30,71;28,87;25,56;24,29;24,22;30,44;32;38,92;32,62;50,84;28,95;28,81;22,16;21,6;25,74;31,7;25,81;19,49;21,78;30,02;27,21;28,19;30,16;28,29;23,99;23,55;24,87;23,82;26,53;27,78;25,78;25,33;22,99;21,81;22,67;24,07;25,02;22,31;20,08;19,93;21,68;20,79;23,56;20,95;20,02;23,73;25,03;25,91;25,65;22,38;24,02;20,84;22,7;16,34;19,02;18,17;18,87;17,23;17,96;24,43;22,07;19,45;16,8;17,98;15,51;18,21;21,89;20,68;20,59;17,43;16,25;17,68
01-01-2000 0:21;23,1;26,35;29,49;31;28,69;26,35;21,65;28,64;31,75;34,75;28,54;29,69;22,16;31,01;25,11;29,06;27,46;25,87;30,01;31,46;47,98;28,75;27,31;27,3;27,76;21,95;27,13;24,9;23,55;22,44;26,46;25,77;27,3;26,06;25,2;21,84;24,24;24,73;24,22;25,39;25,43;24,03;28,19;23,81;21,35;21,24;21,89;25,36;22,36;20,47;22,04;20,86;21,97;21,37;22,32;19,35;21,09;24,79;26,98;26,21;23,34;26,56;20,13;23,36;19,46;20,65;18,86;18,86;17,71;19,21;24,21;21,63;20,56;19,53;18,85;17,69;18,35;21,91;21,47;20,87;18,11;16,74;18,49
01-01-2000 0:21;24,63;32,27;25,11;33,63;33,84;29,79;23,63;27,16;27,56;34,12;33,67;20,78;25,11;20,51;23,72;29,37;32,1;31,24;27,34;37,63;48,01;34,33;26,2;28,15;25,48;23,7;30,31;26,44;21,29;19,53;24,83;24,9;31,33;32,17;34,93;30,92;23,15;22,61;23,53;23,33;25,76;22,47;25,09;22,23;21,45;20;21,78;23,23;22,23;19,5;22,06;21,54;22,29;24,18;20,68;21,02;24,76;23,57;28,27;26,04;22,57;26,23;21,97;25,42;19,13;21,17;21,58;21,06;20,43;21,15;24,5;24,7;21,8;21,59;20,93;20,82;20,09;21,48;23,17;21,47;19,55;18,02;19,4
01-01-2000 0:21;24,62;32,03;31,23;33,66;33,92;25,82;23,83;27,85;35,71;35,15;25,09;31,04;31,61;28,73;24,81;27,1;24,89;30,8;29,1;35,03;49,98;28,09;32,69;27,3;25,32;27,51;28,76;25,51;22,96;23,3;27,13;26,95;30,14;28,5;27,88;25,82;23,86;22,28;25,3;27,12;26,83;25,77;28,45;25,52;24,86;24,04;22,63;25,65;25,72;23,57;24,39;22,37;23,48;24,19;23,17;21,22;25,72;26,13;28,49;27,7;24,93;28,94;24,63;26,21;23,82;23,93;24,14;22,27;21,94;22,72;24,42;25,29;25,76;23,97;24,84;24,33;22,72;26,36;27,15;26,24;24,19;22,82;24,45
01-01-2000 0:21;18,22;28,07;27,76;30,26;25,77;28,28;29,25;31,19;31,66;32,93;32,96;33,14;30,58;25,67;21,79;26,72;28,5;29,35;28,2;35,01;49,58;28,94;28,41;24,78;20,42;25,56;30,12;24,64;23,09;28,82;33,27;30,13;28,73;29,38;29,82;28;25,46;23,88;26,23;23,6;24,28;22,69;27,74;24;23,59;21,48;22,5;26,54;23,87;22,04;20,23;20,75;21,97;23,12;21,63;19,28;24,42;22,46;27,16;26,04;24,42;27,5;22,81;22,03;20,5;20,73;21,41;20,43;20,07;21,34;24,7;24,78;22,83;20,46;20,06;18,67;18,53;21,01;21,28;20,96;19,25;17;18,83
01-01-2000 0:21;22,5;33,75;26,93;26,86;29,88;17,82;24,34;27,03;30,14;27,04;27;26,29;24,89;30,23;27,9;28,12;30,36;29,25;30,13;30,92;49,86;32,35;25,85;21,26;22,67;21,25;31,03;26,85;23,06;27,22;27,98;26,89;27,1;26,63;27,48;26,21;25,45;23,76;25,95;24,52;25,15;24,88;25,92;22,57;23,91;26,12;25,81;24,3;22,61;22,76;22,22;23,37;22,63;23,55;22,43;20,75;23,46;21,94;26,17;25,01;19,81;26,7;20,61;20,32;18,57;18,58;19,42;18,8;18,06;18,57;23,13;21,21;20,85;18,98;19,13;16,11;16,4;19,81;21,12;19,29;15,93;15,68;17,23
01-01-2000 0:21;22,72;30,89;22,78;28,87;29,01;21,94;22,2;30,44;29,42;31,27;31,86;29,67;27,87;28,68;24,38;23,65;24,54;23,74;28,42;28,2;48,04;31,56;28,01;24,75;22,02;24,4;26,6;23,6;23,17;21,48;26,71;22,09;29,2;25,97;26,93;26,39;22,82;21,51;25,21;26,89;24,99;26,88;26,46;24,46;22,15;28,16;28,55;25,55;22,13;20,27;22,73;22,2;21,9;23,16;20,45;20,59;23,4;23,05;25,95;24,64;21,58;26,99;19,09;22,95;17,76;19,21;18,05;18,14;16,57;17,97;22,78;20,59;19,66;18,54;19,03;17;17,62;20,66;22,79;19,95;17,12;16;17,7
01-01-2000 0:21;23,45;27,35;27,76;31,96;32,97;21,31;24,35;33,57;29,12;29,85;33,19;28,03;25,16;32,47;23,12;26,36;22,37;28,91;32,05;32,11;42,65;35,63;25,21;23,98;24,25;23,07;29,06;23,42;21,66;24,75;28,1;24,14;26,85;26,87;26,12;22,96;21,43;20,18;22,77;25,65;25,34;23,27;25,8;22,44;20,67;22,15;24,15;25,52;23,49;20,21;21,47;21,39;21,77;21,47;21,11;20,74;22,32;24,49;24,93;25,76;22,29;26,23;21,31;24,55;17,81;18,7;19,29;18,48;18,11;18,88;23,79;21,23;19,68;18,71;18,41;18,49;17,25;20,02;21,83;20,3;17,21;16,52;18,15
01-01-2000 0:21;19,71;32,18;29,76;27,39;26,85;23,17;25,33;31,99;32,49;34,31;34,81;29,17;31,84;25,11;22,83;27,12;30,34;29,58;31,16;31,15;39,12;27,13;23,85;25,77;22,01;22,46;29,94;25,35;25,89;32,43;30,56;27,74;31,9;26,65;25,73;25,62;26,92;23,84;21,16;24,64;24,32;24,21;25,96;24,41;19,56;20,76;21,28;24,49;21,57;19,39;22,06;21,93;19,84;20,45;19,59;19,91;23,8;24,39;24,13;25,91;22,86;27,15;21,79;25,48;20,18;19,49;19,49;18,47;19,05;17,65;21,51;19,28;19,75;20,46;19,8;19,04;18,1;18,3;21,37;20,44;18,23;16,75;17,4
01-01-2000 0:21;25,97;33,67;28,1;25,84;29,48;27,52;26,87;31,32;32,84;30,02;26,57;25,71;32,34;29,65;24,77;21,93;29,4;29,84;33,12;27,63;41,98;27,04;28,27;26,83;26,29;26,1;28,26;25,99;24,16;27,18;28,26;26,7;29,27;30,11;26,32;26,56;23,11;24,06;24,02;23,36;29,64;21,65;26,95;22,85;20,95;20,45;22,24;23,97;20,99;22,06;19,98;21,45;21,8;22,37;21,18;19,84;22,26;23,49;22,58;26,28;24,56;28,13;22,28;25,03;19,17;18,89;17,15;19,1;19,54;19,97;21,36;19,76;19,71;20,42;20,04;17,88;16,9;18,87;21,87;20,92;17,23;18,24;18,58
01-01-2000 0:21;25,56;30,63;25,64;31,46;25,55;28,3;29,41;32,62;29,51;34,71;29,49;24,05;33,02;27,4;28,56;25,3;25,51;30,08;32,63;28,42;45,12;27,86;24,92;27,24;24,15;25,82;28,63;23,94;20,03;18,24;25,22;27,57;27,46;29,36;28,34;24,71;26,24;22,95;22,67;24,94;26,55;22;28,2;22,9;23,21;19,87;21,69;24,79;19,64;19,7;20,95;21,56;20,75;21,17;20,17;19,51;21,29;23,7;21,19;26,29;25,48;28,15;22,79;24,89;18,58;18,41;17,86;19,41;18,39;19,16;22,73;18,3;20,3;20,19;16,96;16,34;15,93;18,26;18,41;18,9;17,23;16,72;16,86
01-01-2000 0:21;31,11;33,04;26,17;31,86;33,81;26,67;25,11;28,06;29;38,79;32,98;29,33;25,79;24,35;24,46;29,31;26,49;28,06;29,61;29,05;44,97;29,75;24,42;27,55;20,98;25,74;28,15;24,35;23,03;19,41;23,53;26,07;23,17;27,31;26,71;21,6;21;22,4;22,03;24,89;27,95;21,66;27,43;22,92;21,57;19,67;18,93;25,34;22,83;20,34;21,8;20,45;22,61;20,38;21,47;19,36;20,33;21,91;21,39;26,28;23,25;27,27;23,48;23,68;20,49;21,94;21,35;18,43;17,57;21,03;21,15;20,68;19,33;17,77;18,9;16,31;16,32;19,24;16,68;20,18;17,35;16,56;16,94
01-01-2000 0:21;24,05;30,89;31,13;31,08;30,24;23,05;25,19;30,34;34;34,76;30,14;27,21;26,66;34,08;25,44;30,45;31,25;35,38;29,86;29,69;44,02;29,69;28,04;28,25;24,54;25,73;30,73;25,3;27,14;27,66;27,33;24,76;23,41;23,86;23,7;30,25;24,65;27,25;26,02;25,99;25,71;26;26,21;24,36;25,56;25,34;22,58;26,94;23,62;24,46;22,99;21,84;22,03;23,95;18,5;21,72;22,3;23,27;23,13;24,27;26,96;26,42;23,32;23,88;19,94;19,29;18,45;18,12;18,09;21,84;20,87;16,75;17,91;17,78;18,99;17,23;18,32;18,79;16,69;21,3;17,2;17,05;19,33
01-01-2000 0:21;27,2;34,38;29,52;33,08;30,65;23,81;24,16;30,22;33,35;34,88;29,34;23,08;25,72;34,2;32,17;31,77;30,47;34,39;33,66;31,5;47,76;28,93;31,41;28,49;24,99;27,98;28,86;28,23;24,98;31,34;29,78;25,79;28,89;26,5;27,61;31,65;25,43;26,66;25,02;23,12;25,73;23,41;25,07;24,03;22,7;23,14;22,05;22,93;22,46;21,39;21,23;20,04;22,48;21,01;20,59;20,29;22,02;22,1;23,03;23,81;27,08;26,22;21,13;22,9;18,13;19,07;16,9;20,51;20,03;21,59;19,87;16,47;17,43;17,33;17,85;15,2;15,85;19,67;15,94;19,32;15,87;16,89;16,58
01-01-2000 0:21;27,15;26,97;24,12;28,93;29,11;27,15;26,47;27,73;29,97;37,23;28,25;29,16;24,71;32,12;21,64;22,53;29,19;32,78;34,79;27,75;50,35;30,76;26,27;23,75;23,16;26,31;29,72;26,28;22,86;31,42;31,69;33,44;35,59;26,8;27,66;25,16;24,29;26,84;24,04;26,39;24,34;25,7;26,12;21,39;21,19;20,5;21,3;24,52;20,64;20,84;22,52;17,9;21,74;19,37;20,98;18,91;20,33;23,39;21,95;23,99;27,14;23,92;20,45;23,22;19,1;19,28;16,66;19,06;18,65;21,79;20,59;15,87;17,52;19,35;18,31;15,55;16,52;20,34;19,13;22,08;16,16;16,44;17,17
01-01-2000 0:21;21,55;33,01;26,3;31,2;32,32;26,71;22,97;33,43;31,54;37,67;30,23;29,04;33,05;30,02;27,05;27,79;26,06;30,71;31,91;27,88;47,96;31,99;35,42;29,55;28,53;27,61;32,08;24,96;23,23;34,86;28,14;30,21;33,37;29,64;35,23;26,97;18,79;26,67;25,34;28,51;30,18;26,9;26,64;24,18;31,44;31,05;24,76;24,6;23,97;22,02;23,33;21,49;21,24;20,5;23,89;20,62;21,21;26,01;23,31;23,61;26,29;23,44;22,93;25,98;19,57;19,54;18,08;22,14;18,04;20,11;20,39;18,22;19,73;21,9;19,21;17,04;17,82;18,76;21,38;22,87;16,59;17,12;16,71
01-01-2000 0:21;19,59;22,23;29,65;30,7;21,11;20,63;21,89;29,19;24,26;32,76;29,79;30,12;34,04;30,21;28,29;22,09;28,15;23,86;33,23;35,76;44,61;33,58;35,81;33,45;25,66;26,15;27,78;24,64;25,35;27,84;26,29;28,85;30,99;25,65;32,06;27,91;26,57;25,15;25,45;26,98;26,71;27,64;26,59;26,95;26,79;26,84;24,68;26,36;25,12;22,58;22,67;22,27;23,96;24;22,33;21,83;23,15;27,08;26,41;26,05;24,58;23,03;24,55;28,13;20,35;22,44;20,68;24,6;21,44;23,27;21,57;21,22;20,56;23,02;20,66;18,69;19,76;20,11;23,75;22,37;18,84;19,11;19
01-01-2000 0:21;26,59;28,54;28,55;23,79;29,84;27,12;29,51;30,43;30,02;31,7;29,52;22,49;23,11;30,55;24,05;26,42;25,04;26,19;31,28;30,26;48,13;29,77;28,48;25,48;27,62;23,73;27,13;25,72;21,2;22,03;23,05;25,45;28,58;30,08;30,31;28,99;29,31;24,08;24,86;26,62;27,14;26,93;28,41;24,73;23,86;21,17;22,2;26,61;23,81;21,53;21,83;21,1;20,4;24,27;21,76;19,69;22,67;26,85;26,29;25,5;23,07;24,47;23,82;27,46;19,5;20,61;17,85;23,39;18,34;19,45;18,49;20,09;18,32;20,48;18,28;18,3;18,5;19,14;22,43;20,91;17,35;17,59;18,83
01-01-2000 0:21;27,93;32,27;25,46;23,12;27,55;25,97;28,19;32,35;25,47;28,43;25,27;17,82;28,42;32,85;24,25;30,2;27,08;30,35;32,65;29,68;46,17;30,86;28,2;25,69;25,27;26,2;26,76;25,21;24,92;23,85;24,86;26,64;26,07;28,75;29,02;30,33;24,71;27,45;27,04;27,85;25,2;22,92;27,28;24,89;24,46;23,82;23,41;25,54;23,21;21,41;19,81;21,86;20,89;24,13;21,02;18,81;22,58;26,4;24,67;25,64;23,95;25,81;22,92;26,72;18,81;18,98;17,5;23,23;17,72;18,63;19,6;20,84;16,34;19;18,92;16,69;16,35;19,05;22,62;21,33;16,89;17,3;17,11
01-01-2000 0:21;27,09;33;27,82;32,57;27,56;24,04;19,5;27,13;28,48;36,66;27,72;27,2;28,85;29,03;22,83;34,95;29,45;30,26;33,7;36,43;45,58;28,32;29,23;32,13;25,56;27,05;31,63;24,82;27,46;26,26;26,36;28,67;30,92;29,04;29,34;31,25;30,8;31,28;31,27;30,87;30,7;28,48;29,26;26,26;29,28;28,29;27,34;27,91;26,07;22,05;23,56;23,68;28,09;23,73;27,86;22;24,59;26,93;26,81;28,82;29,37;31,15;23,93;30,69;21,67;21,54;18,3;24,4;20,2;19,46;20,64;21,83;19,22;22,01;22,47;19,88;18,23;23,48;26,42;22,74;19,6;18,56;19,56
01-01-2000 0:21;24,08;26,62;29,95;28,6;30,68;33,59;28,31;25,55;28,96;30,09;29,29;26,67;21,74;32,27;24,36;25,1;26,8;28,06;30,99;33,35;49,49;30,32;25,34;27,96;26,27;22,77;28,17;25,36;22,82;23,17;22,59;29,23;30,8;25,01;23,4;23;21,39;25,82;23,01;27,71;25,3;25,61;27,16;25,2;23,62;22,55;21,46;24,2;22,59;22,48;23,68;21,32;22,38;22,55;20;19,4;22,5;27,91;26,22;25,61;26,26;28,86;22,1;25,38;19,36;18,64;15,53;21,95;16,19;19,08;19,92;20,16;16,79;19,37;17,95;16,03;16,2;19,17;21,77;20,34;16,36;16,33;17,92
01-01-2000 0:21;26,99;25,33;28,23;28,99;27,24;18,02;14,65;31,94;26,52;27,31;29;28,58;30,74;32,17;25,14;23,46;21,46;28,66;32,8;30,73;48,1;26,23;25,15;26,74;22,89;19,64;27;22,94;22,94;20,39;24,15;23,23;29,79;27,69;23,44;22,06;24,52;23,02;25,21;26,34;24,01;22,76;26,91;22,26;21,39;19,51;21,3;27,04;20,22;22,49;20,27;19,93;20,87;21,95;18,19;18,91;21,78;26,11;26,28;24,03;23,43;26,41;19,94;24,97;18,27;16,97;15,92;20,59;17,51;18,47;20,54;20,11;17,54;19,59;17,72;16,87;16,43;19,65;21,36;19,52;15,42;15,84;17,49
01-01-2000 0:21;18,96;25,41;30,55;33,72;30,15;22,11;22,49;27,9;24,49;30,79;29,87;26,72;21,71;24,81;24,65;27,02;27,65;31,32;25,32;29,07;47,5;28,16;21,5;26,11;22,84;23,19;28,4;27,32;23,93;26,07;23,05;21,92;25,95;25,21;23,15;23,17;19,81;23,65;24,65;26,39;26,64;23,81;27,65;24,06;20,91;22,36;22,78;23,61;22,2;21,74;19,87;21,29;20,94;21,14;18,59;18,51;21,97;26,77;26,39;23,68;22,23;26,59;19,37;24,2;17,41;16,11;12,93;21,8;18,53;16,89;18,74;19,26;17,02;18,76;16,22;14,75;15,97;19,77;21,37;19,38;15;16,29;16,99
01-01-2000 0:21;24,52;23,76;21,41;26,85;30,03;21,96;24,52;27,61;32,47;35,48;28,95;25,91;25,51;30,07;26,1;26,9;24,95;25,08;30,4;28,07;48,29;30,31;24,75;22,84;24,51;22,68;29,5;24,99;22,75;18,91;23,66;25,6;24,08;22,82;24,6;21,57;23,14;21,19;21,7;24,17;25,99;17,64;27,46;21,13;21,97;18,86;23,11;23,06;21,88;21,67;21,03;20,16;20,84;21,31;20,97;18,87;20,66;26,31;26,66;25,55;22,37;27,92;20,35;24,73;18,01;18,22;15,75;22,23;18,4;16,03;19,28;19,64;18,13;20,15;17,46;15,82;15,32;20,31;21,33;18,57;15,41;15,9;16,42
01-01-2000 0:21;20,79;30,26;30,21;32,58;33,56;20,34;23,9;32,86;30,73;33,6;28,83;28,88;25,44;31,15;25,03;26,99;25,1;33,25;33,25;34,28;44,74;32,95;26,23;23,11;20,51;25,27;27,64;23,48;21,5;23,17;23,43;26,34;27,28;24,77;26,97;22,96;21,99;26,82;24,6;24,7;24,93;24,65;26,09;23,89;22,33;22,51;22,76;23,14;23,43;22,76;22,56;20,11;22,58;22,18;20,64;20,03;22,15;26,28;26,85;26,34;22,03;26,93;21,83;24,89;19,18;17,79;17,05;21,54;18,55;17,08;20,14;19,97;18,35;19,89;17,15;15,77;15,25;19,84;21,66;19,25;15,7;17,07;17,22
01-01-2000 0:21;24,73;31,7;29,37;28,18;30,64;19,42;23,85;31,98;28,89;31,39;34,58;29,13;31,76;30,71;30,59;28,79;29,03;29,68;31,27;31,47;45,09;28,16;29,44;26,35;23,42;26,9;29,18;24,94;23,87;24,07;25,47;29,71;30,27;26,03;23,09;25,73;23,71;23,72;24,99;24,69;28,16;24,11;26,15;20,49;20,75;18,46;24,07;22,09;22,36;21,9;23;20,14;20,71;22,69;20,8;18,54;21,83;25,21;27,27;25,81;22,05;26,6;23,28;24,82;19,27;16,51;16,43;21,56;18,56;16,23;20,16;21,05;18,08;19,17;17,37;14,71;16,32;18,82;21,92;19,04;16,47;16,56;15,94
01-01-2000 0:21;25,21;25,94;25,41;30,82;31,05;25,05;16,67;29,35;24,73;32,98;28,97;30,41;28,18;34,9;28,64;26,14;27,28;32,24;30,56;29,5;38,94;30,66;26,91;19,64;19,43;26,3;30,16;28,77;24,63;27,62;27,92;27,16;29,04;28,51;23,41;24,59;24,09;23,07;24,3;26,34;23,04;23,86;23,07;20,71;20,69;21,35;21,57;24,56;22,65;21,31;20,53;21,06;23,84;21,1;20,76;19,75;21,85;25,27;27,07;27,63;23,08;27,5;22,85;23,88;19,85;18,08;15,72;21,8;18,09;17,17;19,99;20,03;17,75;18,72;17,8;15,94;16,1;19,08;21,52;18,89;16,57;16,05;15,86
01-01-2000 0:21;30,85;26,51;26,89;30,02;31,35;28,78;21,73;31,66;34,2;37,9;32,64;28,4;26,55;31,51;25,23;28,38;30,37;32,59;32,69;31,8;43,55;27,85;29,39;25,24;29,34;27,07;28,48;29,79;27,82;29,07;30,82;26,38;26,73;28,51;25,06;20,94;27,72;29,05;30,48;28,83;25,23;23,77;28,9;27,98;24,85;21,77;24,3;25,15;23,3;24,93;21,82;23,24;23,83;23,39;22,22;20,94;23,03;25,74;26,24;26,58;22,81;26,82;22,16;24,69;18,88;17,26;16,77;22,05;17,98;17,32;20,78;20,19;16,77;19,91;18,04;16,46;15,83;19,69;21,68;19,85;15,72;15,56;15,96
01-01-2000 0:21;11,41;36,67;34,17;18,21;32,63;26,09;28,61;31,23;31,4;28,9;30,29;29,99;32;27,36;24,19;27,03;30,05;35,93;27,27;29,19;38,93;28,75;26,88;25,24;24,35;26,11;30,69;24,93;25,38;26,92;31,72;29,17;30,8;26,33;25,84;25,9;24,6;27,59;25,96;26,13;25,56;22;28,29;26,6;21,45;20,57;22,19;25,69;22,71;20,61;22,16;20,54;21,62;23,33;20,17;20,58;22,48;25,56;26,53;26,39;23,59;26,47;22,51;24,37;19,48;19,53;17,5;21,85;18,55;20,67;22,14;20,98;20,08;20,33;18,87;17,42;17,28;21,61;22,2;20,1;18,58;19,7;19,55
01-01-2000 0:21;22,41;27,62;26,32;24,05;26,4;27,36;26,69;23,89;30,25;33,78;34,92;30,17;25,83;27,4;27,73;27,21;28,64;30,3;32,88;28,68;41,89;30,94;25,15;22,51;22,83;24,96;28,13;24,85;23,6;30,94;29,01;26,87;27,43;28,38;24,89;23,65;29,37;23,54;22,7;25,27;23,74;23,93;26,32;22;21,67;18,5;22,85;24,04;22,38;21,22;21,29;19,14;21,6;19,63;22;19,05;22,09;24,73;26,46;25,63;24,1;28,17;24,26;27,06;23,62;20,6;19,97;23,51;23,41;22,9;21,85;20,64;18,01;20,02;17,55;15,44;18,04;29,4;23,56;21,73;20,01;20,91;19,06
01-01-2000 0:21;21,99;30,16;31,82;24,64;28,34;22,05;28,12;33,57;30,05;34,79;29,72;20;29,53;29,63;24,58;26,85;19,64;31,85;31,78;26,02;43,85;31,73;28,7;26,2;22,84;18,64;28,31;23,3;21,64;30,19;33,3;22,85;28,09;27,58;20,4;20,77;24,57;24,29;21,11;24,2;27,78;24,55;26,47;22,77;20,74;20,5;19,47;25,28;21,34;20,66;20,12;21,65;20,67;22,61;19,82;19,07;21,96;26,31;24,6;24,67;24,43;26,12;22,89;26,14;19,63;20,38;20,23;24,97;22,22;25,6;21,42;22,47;19,02;21,62;18,9;17,93;17,34;28,49;25,03;22,71;19,24;19,94;19,99
01-01-2000 0:21;19,17;32,54;21,87;23,17;23,81;30,05;29,66;29,07;29,73;37,32;20,41;32,44;32,44;28,65;24,12;26,69;26,19;32,18;26,53;29,79;46,56;27,71;23,46;27,29;26,29;26,08;29,92;24,11;22,23;29,55;25,87;29,7;31,05;27,66;24,03;22,4;25,11;24,02;23,23;24,09;25,11;26,38;24,23;21,04;20,17;20,48;21,88;24,37;20,86;22,05;20,17;21,43;21,27;22,72;18,59;18,36;21,86;26,61;22,59;23,83;23,49;25,72;20,46;25,36;17,24;18,34;16,57;23,63;22,84;21,97;18,82;19,73;16,63;20,38;18,11;16,61;17,9;23,34;22,22;22,42;16,69;16,57;17,19
01-01-2000 0:21;24,28;26,33;30,25;31,97;31,87;22,88;20,76;25,84;28,88;32,74;31,01;31,93;25,71;26,66;26,89;33,8;25,02;30,77;29,73;29,22;44,75;26;24,42;26,05;22,3;23,01;29,33;27,3;26,29;26,16;21,66;25,15;30,07;27,71;25,65;24,37;20,79;22,43;22,62;22,59;26,82;24,13;23,89;21,88;19,44;18,66;20,84;24,28;23,33;20,55;20,3;21,4;19,49;21,8;18,8;17,95;21,31;24,1;22,07;24,85;24,1;22,09;19,79;25,54;17;18,54;16,03;22,49;19,99;20;19,09;18,15;17,01;20,82;19,17;15,18;15,04;19,42;20,7;22,02;16,48;16,57;16,18
01-01-2000 0:21;22,75;33,77;31,86;31,92;30,67;24,9;25,21;30,18;25,37;37,08;30,09;23,77;33,5;34,97;30,04;34,78;29,48;40,25;33,48;34,16;39,14;26,32;26,47;27,79;25,69;25,83;30,05;27,8;23,2;26,23;23,21;22,9;29,57;28,93;27,8;27,74;22,4;23,54;22,64;24,14;26,89;20,79;24,37;25,14;24,35;18,6;20,96;24;21,48;20,77;20,04;18,74;21,35;23,45;21,16;19,94;22,11;24,58;20,03;24,89;24,05;25,04;19,97;25,35;20,55;18,39;17,91;20,74;18,76;18,52;16,7;18,08;17,84;20,83;18,55;15,26;16,57;20,27;18,78;20,69;18,7;17,12;17,62
01-01-2000 0:21;27,94;24,16;33,78;30,78;29,53;23,18;24,46;31,7;27,79;33,58;31,49;29,52;27,46;25,25;27,32;27,79;25,53;28;33,87;36,82;46,62;28,97;35,66;32,72;25,07;26,68;27,61;19,4;19,64;19,8;24,51;25,67;29,54;25,45;32,48;29,98;23,17;20,12;23,69;25,14;23,52;26,79;24,16;22,31;21,81;22,19;24,7;24,3;22,36;20,15;23,45;19,89;21,23;21,95;19,28;19,06;22,69;19,56;21,34;26,67;26,05;26,71;21,78;23,17;20,12;20,72;17,91;19,35;19,14;18,99;19,12;17,07;17,26;16,06;17,96;14,9;15,53;18,6;17,88;20,11;17,13;16,32;16,59
01-01-2000 0:21;25,25;25,7;30,81;34,62;31,31;21,54;25,16;22,99;31,96;36,45;34,92;29,33;31,64;31,91;30,54;26,92;25,83;33,54;28,04;33,58;45,27;34,69;26,65;30;23,17;26,44;27,4;24,57;24,59;23,23;29,15;26,84;33,25;36,78;24,25;30,75;23,26;23,83;25,19;33,5;28,86;23,69;26,33;23,38;29,35;21,21;21,87;24,27;22,59;20,82;22,17;22,03;20,49;22,14;21,79;20,5;24,97;23,4;22,53;27,81;25,83;27,85;22,9;23,8;19,72;19,78;17,01;17,68;19,12;19,94;22,05;19,26;17,26;19,57;18,35;16,6;15,61;18,26;17,92;21,26;18,07;16,83;16,71
01-01-2000 0:21;26,17;27,69;22,78;34,56;32,2;19,27;24,93;34,74;35,55;37,88;28,75;30,25;30,61;31,29;23,33;29,54;36,13;38,36;36,01;33,18;45,52;32,22;30,61;24,06;21,96;23,56;29,55;25,58;20,5;27,67;30,59;25,4;30,18;31,6;27,43;27,67;24,77;23,08;24,91;30,64;28,76;30,48;25,43;23,72;20,98;24,6;20,5;22,82;23,97;20,18;23,61;21,57;20,52;22,59;21,02;19,95;22,53;23,73;20,52;26,88;26;26,97;20,23;23,68;17,37;18,5;17,44;17,55;18,23;19,58;22,13;20,1;19,06;19,88;18,01;17,88;16,76;17,91;18,83;20,83;18,2;17,02;17,39
01-01-2000 0:21;24,78;30,76;26,22;35,35;27,27;27,99;26,82;26,79;30,09;33,48;33,37;26,77;27,56;21,22;30,06;26,94;27,17;29,89;33,8;30,12;48,13;28,96;32,32;24,97;22,37;19,52;26,91;23,1;25,11;29,08;25,24;26,94;26,77;25,83;22,66;22,13;21,44;23,37;26,91;27,98;27,82;25,57;27,77;22,12;21,47;19,36;24,09;21,88;23,41;20,22;22,89;19,29;20,57;22,38;21,99;19,15;21,27;24,08;18,52;27,21;24,79;27,76;19,26;23,77;17,42;17,49;16,73;15,95;19,62;19,34;22,2;18,47;16,09;17,6;16,79;16,34;15,25;17,7;19,19;20,47;17,9;15,55;16,42
01-01-2000 0:21;24,78;23,1;33,84;30,16;30,67;31,6;28,58;31,62;29,71;27,76;31,72;23;26,26;32,57;31,14;25,78;24,47;31,09;30,57;26,48;48,09;26,57;25,95;18,88;20,5;22,51;28,93;23,3;19,31;23,08;25,68;23,52;28,78;27,51;20,87;19,5;22,8;20,83;22,2;26,8;21,66;23,72;22,73;23,94;21,38;19,3;22,11;22,98;20,85;19,57;22,18;18,64;20,08;21,68;17,61;18,46;19,87;24,57;20,9;26,51;23,46;26,8;18,12;23,81;16,85;18,66;17,11;18,98;18,73;17,65;21,44;18,01;17,91;19,07;18,35;14,78;15,86;18,08;20,35;19,92;16,27;15,51;17,45
01-01-2000 0:21;26,87;33,74;27,08;33,24;24,68;23,07;18,75;29,3;28,75;34,05;37,4;31,07;28,33;29,91;33,06;29,3;25,91;31,45;31,94;29,24;46,2;30,98;25,1;24,2;22,2;22,77;31,25;26,36;24,31;22,96;21,6;25,38;29,56;25,17;21,58;22,93;23,87;19,71;22,41;26,18;26,6;23,82;24,05;23,93;22,27;18,65;22,01;24,49;23,24;19,23;18,4;20,38;20,51;20,38;18;19,97;21,72;23,14;22,89;24,06;24,36;27,37;17,86;22,11;15,79;18,13;18,34;17,02;16,98;19,25;21,51;23,06;19,31;17,97;19,49;15,05;18,4;19,98;20,87;19,69;17,05;15,3;16,9
01-01-2000 0:21;29,64;34,9;43,58;42,41;34,68;29,09;26,26;23,73;31,33;37,12;36,44;34,45;27,55;34,7;31,9;31,28;27,73;32,29;30,14;31,78;44,11;28,5;25,86;23,44;23,68;26,1;26,1;24,9;26,83;29,6;35;27,82;30,95;27,17;26,81;25,91;24,77;22,89;24,09;26,18;29,15;23,99;26,36;24,38;21,25;21,8;24,26;24,16;23,39;23,51;21,07;21,88;22,02;23,42;21,46;20,38;22,84;24,87;27,1;24,97;23,97;26,04;18,25;21,12;17,15;20,35;19,01;17,67;16,14;20,49;23,19;23,27;19,84;16,32;19,61;16,06;18,74;20,78;19,33;19,8;20,2;20,49;19,45
01-01-2000 0:21;27,33;22,13;30;40,25;33,9;23,36;28,43;33,23;31,57;28,16;29,34;25,67;29,61;34,25;26,13;27,57;25,61;31,35;27,95;29,52;45,44;23,02;25,71;23,32;21,28;21,31;27,61;23,98;25,77;29,25;27,9;31,51;32,98;28,01;24,61;23,54;23,44;27,07;27,32;25,48;27,5;23,68;25,6;31,66;22,41;22,11;21,9;24,84;24,25;22,16;21,52;22,79;21,67;23,67;20,92;19,99;21,7;26,27;28,86;25,17;22,91;24,16;17,75;23,63;17,08;19,93;17,9;17,8;17,38;19,55;23,19;23,47;18,78;16,35;19,31;15,85;18,02;20,63;18,92;20,05;19,4;16,52;17,11
01-01-2000 0:21;26,87;28,36;35,47;35,92;34,35;19,51;28,49;33,73;27,68;32,42;33,79;29,95;25,39;27,34;30,52;32,69;26,02;31,84;30,61;34,36;47,07;29,67;27,39;21,82;22,6;20,97;29,39;26,14;21,49;24,79;25,09;27,04;31,41;25,89;25,06;24,26;25,21;29,91;25,54;25,8;24,89;23,97;28,56;25,9;21,1;21,29;22,61;25,36;22,76;22,59;23,41;22,79;20,73;25,4;22,3;20,58;23,55;23,9;29,27;25,71;20,96;24,62;23,18;22,83;19,48;20,62;17,97;18,47;18,27;20,17;21,56;22,4;19,56;19,85;17,71;18,34;19,5;19,28;18,68;19,71;18,04;17,59;18,63
01-01-2000 0:21;25,8;33,86;36,65;32,93;33,57;30,12;23,85;26,83;31,24;37,34;24,01;22,57;27,18;27,95;30,03;29,14;25,79;29,56;34,88;22,88;47,53;30,27;26,47;19,64;27,38;21,65;28,62;33,84;23,2;23,08;25,53;23,75;30,65;26,95;25,74;23,64;23,61;22,57;23,88;25,35;25,23;23,45;23,53;23,56;20,56;21,27;21,74;22,31;22,11;21,39;20,55;18,41;20,51;22,77;20,74;18,93;23,25;23,53;28,71;26,23;19,63;21,28;21,67;24,22;19,25;18,46;17,25;16,07;15,48;21,05;20,57;22,03;17,43;18,35;15,7;16,82;18,8;19,26;18,36;18,85;18,01;16,74;17,54
01-01-2000 0:21;28,04;30,46;28,77;34,24;33,76;31,52;34,77;29,96;29,88;35,09;30,05;26,99;28,43;33,18;26,14;30,28;26,41;27,77;28,75;33,74;46,96;27,55;24,99;24,78;25,39;21,62;28,21;25,16;21,37;22,01;28,32;24,09;30,37;24,84;21,38;23,36;24,03;22,38;20,77;24,76;26,06;22,07;27,07;21,92;21,13;19,28;21,67;26,91;23,56;21,56;18,68;18,87;22,57;21,16;20,41;17,75;22,09;24;28,35;26,37;21,11;17,47;19,8;24,67;17,26;17,03;15,3;15,7;14,15;20,21;18,99;20,5;16,16;17,57;13,96;15,75;18,22;19,63;16,89;17,78;17,1;14,68;15,99
01-01-2000 0:21;27,43;28,68;32,93;23,73;34,9;29,52;24,83;31,06;28,06;35,15;35,45;29,66;27,17;26,62;32,1;32,1;25,92;26,25;26,69;30,75;48,56;30,9;29;25,03;25,42;26,95;30,44;22,24;23,87;25,12;22,15;27,71;27,04;27,66;25,32;27,38;24,83;25,04;23,58;25,46;23,78;21,66;22,96;21,71;21,75;20,94;22,19;25,46;23,9;21,26;17,8;22,28;21,64;21,06;19,23;19,25;22,66;24,59;28,24;26,3;21,93;19,4;20,48;25,5;18,71;17,56;15,67;14,27;14,12;19,12;17,71;21,5;15,02;17,97;14,35;16,39;18,1;19,84;16,47;18,52;17,9;15,26;16,32
01-01-2000 0:21;24,14;31,82;28,45;31,82;25,03;26,68;22,6;26,63;23,43;34,32;25,54;26,25;27,44;26,07;24,33;33,21;28,09;31,66;32,04;31,93;46,51;30,32;29,52;27;24,29;22,86;30,13;26,67;26,45;25,81;25,43;24,8;27,91;27,18;29,34;27,62;25,71;25,92;24,5;32,57;25,04;19,05;28,02;27,57;20,6;21,27;24,31;25,28;25,18;21,36;20,87;21,38;22,2;25,78;21,13;21,39;22,76;22,83;27,71;26,94;21,88;20,36;20,56;25,07;18,95;18,21;15,43;15,12;16,6;17,11;15,53;20,15;16,93;18,59;14,6;17,07;18,15;19,64;18,39;19,52;17,08;15,95;16,68
01-01-2000 0:21;29,69;32,93;22,88;29,55;33,69;29,58;24,63;30,41;35,58;40,33;29,94;26,43;25,59;25,94;23,92;34,9;24,52;28,02;29,54;32,12;47,29;25,08;29,01;25,21;21,16;23,21;29,2;32,87;30,28;24,09;22,85;23,29;29,99;27,25;26,99;24,88;23,64;22,58;22,97;31,78;26,42;21,75;23,7;29,53;20,54;20,17;23,35;26,35;22,08;20,05;23,04;23,25;22,5;24,28;19,17;20,7;21,93;21,74;27,9;26,06;19,44;20,36;19,65;23,25;20,13;17,52;15,22;16,81;15,43;15,86;16,5;18,85;17,45;19,69;14,24;16,77;17,82;20,19;19,16;20,03;16,83;14,42;16,29
01-01-2000 0:21;36,72;28,83;28,44;29,53;27,49;22,14;31,15;30,62;29,67;38,05;28,6;30,51;28,76;31,87;28,7;36,54;26,41;31,38;32,69;32,22;47,55;29,2;29,67;26,15;20,84;26,86;30,38;29,99;32,51;26,81;26,2;20,72;30,65;26,36;30,04;30,36;23,28;22,85;24,68;23,09;25,52;24,69;23,58;24,78;23,23;19,85;21,77;23,84;22,31;21,43;20,9;21,15;23,36;23,66;20,57;22,02;21,17;22,42;27,9;26,36;20,75;20,8;22,53;24,52;19,42;18,33;16,4;18,29;17,12;17,62;17,75;20,39;19,49;20,84;17,01;17,7;20;20,24;20,47;19,58;18,05;16,82;17,68
01-01-2000 0:21;37,2;44,75;29,3;37,85;33,63;21,86;21,45;27,22;34,08;33,7;33,3;28,8;28,12;28,12;22,6;27,64;23,69;31,78;33,97;32,07;48,16;31,47;29,88;25,43;25,35;27,12;30,29;23;28,53;28,47;27,8;25,61;30,45;26,9;25,87;27,56;22,72;22,37;25,16;26,04;24,66;23,83;26,17;22,84;21,88;22,34;20,87;24,45;22,5;19,92;21,12;21,27;23,21;21,15;20,78;21,11;20,4;23,96;26,69;25,31;24,04;22,3;23,36;25,56;19,59;18,68;16,61;18,8;17,93;18,32;20,4;20,27;19,31;20,03;15,4;17,83;17,48;18,33;20,48;21,39;17,98;17,36;18,23
01-01-2000 0:21;29,86;35,04;37,57;41,5;29,21;27,21;24,45;26,88;31,33;28,26;31,54;31,02;33,94;36,46;29,54;24,05;28,29;31,07;36,53;36,08;50,3;32,55;30,42;18,84;24,65;23,7;29,82;19,93;23,5;26,66;28,72;30,01;34,14;25,5;27,26;22,08;23,76;24,55;28,09;26,86;24,42;23,18;24,22;21,97;21,43;23,06;22,61;24,61;24,01;21,11;19,38;20,6;22,56;20,69;21,89;21,11;19,6;24,74;28,58;26,62;23,55;23,45;22,33;25,48;20,56;19,07;16,8;16,53;19,11;16,98;21,24;19,99;18,22;19,39;14,25;17,36;17,55;17,31;20,67;22,07;17,45;16,16;16,86
01-01-2000 0:21;24,52;28,23;32,7;42,04;41,04;27,29;30,53;29,66;27,06;21,83;24,88;28,18;23,95;26,02;29,11;28,16;26,23;35,21;27,73;28,23;49,11;32,83;29,92;28,11;24,56;22,32;29,34;26,16;21,34;23,59;26,67;29,93;34,43;26,94;29,58;22,98;22,57;23,81;24,56;27,03;28,68;24,41;24,61;23,59;25,04;24,76;22,93;28,4;24,2;21,11;22,55;22,16;25,24;20,94;21,45;22,5;23,71;25,97;27,18;25,75;24,51;25,77;23,12;26,29;20,31;19,95;18,39;18,05;18,96;18,05;19,08;20,81;18,4;20,06;16,16;18,44;18,42;18,18;20,48;21,5;18,12;16,16;17,88
